video,frame,visible,x,y
1912.mp4,1208,0,,
1912.mp4,1209,0,,
1912.mp4,1210,0,,
1912.mp4,1211,0,,
1912.mp4,1212,0,,
1912.mp4,1213,0,,
1912.mp4,1214,0,,
1912.mp4,1215,0,,
1912.mp4,1216,0,,
1912.mp4,1217,0,,
1912.mp4,1318,0,,
1912.mp4,1319,0,,
1912.mp4,1320,0,,
1912.mp4,1321,0,,
1912.mp4,1322,0,,
1912.mp4,1323,0,,
1912.mp4,1324,0,,
1912.mp4,1325,0,,
1912.mp4,1326,0,,
1912.mp4,1327,0,,
1912.mp4,2334,1,422.8,141.5
1912.mp4,2335,1,440.1,125.3
1912.mp4,2336,1,455.2,105.9
1912.mp4,2337,1,476.8,89.6
1912.mp4,2338,1,494.1,82.1
1912.mp4,2339,1,512.5,72.4
1912.mp4,2340,1,533.0,66.9
1912.mp4,2341,1,553.6,62.6
1912.mp4,2342,1,576.3,59.4
1912.mp4,2343,1,595.7,60.5
1912.mp4,3632,1,459.5,299.3
1912.mp4,3633,1,459.5,297.1
1912.mp4,3634,1,461.7,300.4
1912.mp4,3635,1,457.4,298.2
1912.mp4,3636,1,459.5,295.0
1912.mp4,3637,1,454.1,292.8
1912.mp4,3638,1,448.7,291.7
1912.mp4,3639,1,448.7,288.5
1912.mp4,3640,1,448.7,287.4
1912.mp4,3641,1,445.5,287.4
1912.mp4,4104,1,555.2,246.2
1912.mp4,4105,0,,
1912.mp4,4106,1,621.6,290.9
1912.mp4,4107,1,649.8,314.5
1912.mp4,4108,1,686.1,339.1
1912.mp4,4109,1,717.0,375.4
1912.mp4,4110,1,740.6,365.4
1912.mp4,4111,1,770.6,346.3
1912.mp4,4112,1,790.6,340.0
1912.mp4,4113,1,820.6,327.2
1912.mp4,4242,0,,
1912.mp4,4243,0,,
1912.mp4,4244,1,347.4,577.7
1912.mp4,4245,1,342.2,567.4
1912.mp4,4246,1,340.1,562.2
1912.mp4,4247,1,338.1,559.1
1912.mp4,4248,1,337.0,557.0
1912.mp4,4249,1,334.0,558.1
1912.mp4,4250,1,332.9,562.2
1912.mp4,4251,1,331.9,569.4
1912.mp4,5081,0,,
1912.mp4,5082,0,,
1912.mp4,5083,0,,
1912.mp4,5084,0,,
1912.mp4,5085,0,,
1912.mp4,5086,0,,
1912.mp4,5087,0,,
1912.mp4,5088,0,,
1912.mp4,5089,0,,
1912.mp4,5090,0,,
1912.mp4,5796,0,,
1912.mp4,5797,0,,
1912.mp4,5798,0,,
1912.mp4,5799,0,,
1912.mp4,5800,0,,
1912.mp4,5801,0,,
1912.mp4,5802,0,,
1912.mp4,5803,0,,
1912.mp4,5804,0,,
1912.mp4,5805,0,,
1912.mp4,6534,1,337.0,332.9
1912.mp4,6535,1,339.1,330.8
1912.mp4,6536,1,341.1,330.8
1912.mp4,6537,1,345.0,331.4
1912.mp4,6538,1,347.1,332.6
1912.mp4,6539,1,350.9,339.8
1912.mp4,6540,1,352.3,344.7
1912.mp4,6541,1,354.1,343.2
1912.mp4,6542,1,353.9,342.0
1912.mp4,6543,1,354.6,343.9
1912.mp4,7815,0,,
1912.mp4,7816,0,,
1912.mp4,7817,0,,
1912.mp4,7818,0,,
1912.mp4,7819,0,,
1912.mp4,7820,0,,
1912.mp4,7821,0,,
1912.mp4,7822,0,,
1912.mp4,7823,1,741.2,296.0
1912.mp4,7824,1,704.0,284.8
1912.mp4,8086,1,401.0,165.3
1912.mp4,8087,1,426.4,189.7
1912.mp4,8088,1,445.7,206.6
1912.mp4,8089,1,466.8,228.2
1912.mp4,8090,1,489.8,255.5
1912.mp4,8091,1,510.5,279.0
1912.mp4,8092,1,529.8,305.8
1912.mp4,8093,1,543.8,294.0
1912.mp4,8094,1,553.2,270.1
1912.mp4,8095,1,563.1,249.9
1913.mp4,1020,1,384.0,79.8
1913.mp4,1021,1,376.7,78.8
1913.mp4,1022,1,367.3,81.9
1913.mp4,1023,1,360.0,86.1
1913.mp4,1024,1,353.7,94.5
1913.mp4,1025,1,348.5,104.9
1913.mp4,1026,1,344.3,115.4
1913.mp4,1027,1,339.1,126.9
1913.mp4,1028,1,335.9,145.7
1913.mp4,1029,1,330.7,167.7
1913.mp4,1501,1,702.7,340.3
1913.mp4,1502,1,669.2,313.3
1913.mp4,1503,1,643.3,297.1
1913.mp4,1504,1,617.3,282.0
1913.mp4,1505,1,594.6,273.3
1913.mp4,1506,1,574.1,270.1
1913.mp4,1507,1,551.4,262.5
1913.mp4,1508,1,527.6,262.5
1913.mp4,1509,1,509.3,264.7
1913.mp4,1510,1,492.0,267.9
1913.mp4,1786,1,917.7,363.0
1913.mp4,1787,1,916.7,392.2
1913.mp4,1788,1,914.5,422.5
1913.mp4,1789,1,869.1,430.0
1913.mp4,1790,1,811.8,422.5
1913.mp4,1791,1,766.4,420.3
1913.mp4,1792,1,715.7,398.7
1913.mp4,1793,1,684.3,371.7
1913.mp4,1794,1,649.7,346.8
1913.mp4,1795,1,618.4,320.9
1913.mp4,2044,1,439.0,213.9
1913.mp4,2045,1,436.9,237.7
1913.mp4,2046,1,433.6,251.7
1913.mp4,2047,1,430.4,231.2
1913.mp4,2048,1,422.8,206.3
1913.mp4,2049,1,417.4,183.7
1913.mp4,2050,1,412.0,165.3
1913.mp4,2051,1,407.7,144.8
1913.mp4,2052,1,404.4,132.9
1913.mp4,2053,1,401.2,118.8
1913.mp4,2289,0,,
1913.mp4,2290,0,,
1913.mp4,2291,0,,
1913.mp4,2292,1,913.0,413.0
1913.mp4,2293,1,916.2,416.2
1913.mp4,2294,1,920.3,421.4
1913.mp4,2295,1,920.3,427.7
1913.mp4,2296,1,923.0,435.2
1913.mp4,2297,0,,
1913.mp4,2298,1,932.7,455.9
1913.mp4,3996,0,,
1913.mp4,3997,0,,
1913.mp4,3998,0,,
1913.mp4,3999,0,,
1913.mp4,4000,0,,
1913.mp4,4001,0,,
1913.mp4,4002,0,,
1913.mp4,4003,0,,
1913.mp4,4004,0,,
1913.mp4,4005,0,,
1913.mp4,4969,1,352.5,166.9
1913.mp4,4970,1,337.0,153.4
1913.mp4,4971,1,325.7,146.2
1913.mp4,4972,1,313.3,142.1
1913.mp4,4973,1,306.1,138.0
1913.mp4,4974,1,296.8,139.0
1913.mp4,4975,1,288.5,141.0
1913.mp4,4976,1,315.4,148.3
1913.mp4,4977,1,357.7,155.8
1913.mp4,4978,1,399.7,172.6
1913.mp4,5180,1,543.9,183.3
1913.mp4,5181,1,535.4,166.2
1913.mp4,5182,1,525.8,153.4
1913.mp4,5183,1,515.1,139.6
1913.mp4,5184,1,508.7,131.0
1913.mp4,5185,1,502.3,123.6
1913.mp4,5186,1,494.9,119.3
1913.mp4,5187,1,490.6,118.2
1913.mp4,5188,1,484.2,119.3
1913.mp4,5189,1,499.1,132.1
1913.mp4,5866,1,841.8,193.1
1913.mp4,5867,1,797.3,197.2
1913.mp4,5868,1,762.4,204.0
1913.mp4,5869,1,727.5,212.2
1913.mp4,5870,1,696.1,223.2
1913.mp4,5871,1,668.7,235.5
1913.mp4,5872,1,641.3,223.2
1913.mp4,5873,1,618.0,204.7
1913.mp4,5874,1,594.8,189.7
1913.mp4,5875,1,570.8,176.7
1913.mp4,6890,0,,
1913.mp4,6891,0,,
1913.mp4,6892,0,,
1913.mp4,6893,0,,
1913.mp4,6894,0,,
1913.mp4,6895,0,,
1913.mp4,6896,0,,
1913.mp4,6897,0,,
1913.mp4,6898,0,,
1913.mp4,6899,0,,
1913.mp4,8322,0,,
1913.mp4,8323,0,,
1913.mp4,8324,0,,
1913.mp4,8325,0,,
1913.mp4,8326,0,,
1913.mp4,8327,0,,
1913.mp4,8328,0,,
1913.mp4,8329,0,,
1913.mp4,8330,1,472.5,188.0
1913.mp4,8331,1,469.3,182.6
1913.mp4,8541,1,707.3,306.1
1913.mp4,8542,1,737.9,340.3
1913.mp4,8543,1,759.1,369.6
1913.mp4,8544,1,786.9,404.7
1913.mp4,8545,1,814.0,406.7
1913.mp4,8546,1,835.9,398.1
1913.mp4,8547,1,861.7,390.8
1913.mp4,8548,1,888.8,386.2
1913.mp4,8549,1,864.3,359.0
1913.mp4,8550,1,816.0,327.9
1913.mp4,9031,0,,
1913.mp4,9032,0,,
1913.mp4,9033,0,,
1913.mp4,9034,0,,
1913.mp4,9035,0,,
1913.mp4,9036,0,,
1913.mp4,9037,0,,
1913.mp4,9038,0,,
1913.mp4,9039,0,,
1913.mp4,9040,0,,
1913.mp4,9171,0,,
1913.mp4,9172,0,,
1913.mp4,9173,0,,
1913.mp4,9174,0,,
1913.mp4,9175,0,,
1913.mp4,9176,0,,
1913.mp4,9177,0,,
1913.mp4,9178,0,,
1913.mp4,9179,0,,
1913.mp4,9180,0,,
1914.mp4,230,0,,
1914.mp4,231,0,,
1914.mp4,232,0,,
1914.mp4,233,0,,
1914.mp4,234,0,,
1914.mp4,235,0,,
1914.mp4,236,0,,
1914.mp4,237,0,,
1914.mp4,238,0,,
1914.mp4,239,0,,
1914.mp4,1031,0,,
1914.mp4,1032,0,,
1914.mp4,1033,0,,
1914.mp4,1034,0,,
1914.mp4,1035,0,,
1914.mp4,1036,0,,
1914.mp4,1037,0,,
1914.mp4,1038,1,442.3,395.5
1914.mp4,1039,1,436.9,382.5
1914.mp4,1040,1,433.6,362.0
1914.mp4,2281,1,375.2,198.5
1914.mp4,2282,1,402.4,202.7
1914.mp4,2283,1,428.5,206.9
1914.mp4,2284,1,457.8,215.3
1914.mp4,2285,1,487.1,228.9
1914.mp4,2286,1,516.4,245.6
1914.mp4,2287,1,546.8,264.4
1914.mp4,2288,1,580.3,288.5
1914.mp4,2289,1,610.6,313.6
1914.mp4,2290,1,638.9,339.8
1914.mp4,3329,1,475.8,258.2
1914.mp4,3330,1,484.4,248.5
1914.mp4,3331,1,492.0,236.6
1914.mp4,3332,1,500.6,230.1
1914.mp4,3333,1,508.2,226.9
1914.mp4,3334,1,514.7,229.0
1914.mp4,3335,1,522.2,231.2
1914.mp4,3336,1,529.8,234.4
1914.mp4,3337,1,537.4,242.0
1914.mp4,3338,1,544.9,249.6
1914.mp4,3578,1,501.0,211.6
1914.mp4,3579,1,518.8,223.9
1914.mp4,3580,1,539.4,236.2
1914.mp4,3581,1,558.5,252.6
1914.mp4,3582,1,575.6,270.4
1914.mp4,3583,1,594.1,293.0
1914.mp4,3584,1,613.9,312.1
1914.mp4,3585,1,631.5,338.7
1914.mp4,3586,1,645.1,322.0
1914.mp4,3587,1,657.7,307.4
1914.mp4,4712,1,246.7,236.6
1914.mp4,4713,1,239.1,228.0
1914.mp4,4714,1,232.6,216.1
1914.mp4,4715,1,226.1,199.9
1914.mp4,4716,1,221.8,183.7
1914.mp4,4717,1,217.5,168.5
1914.mp4,4718,1,211.0,153.4
1914.mp4,4719,1,209.9,141.5
1914.mp4,4720,1,209.9,132.9
1914.mp4,4721,1,204.5,127.5
1914.mp4,5328,0,,
1914.mp4,5329,0,,
1914.mp4,5330,0,,
1914.mp4,5331,0,,
1914.mp4,5332,0,,
1914.mp4,5333,0,,
1914.mp4,5334,0,,
1914.mp4,5335,0,,
1914.mp4,5336,0,,
1914.mp4,5337,0,,
1914.mp4,5409,0,,
1914.mp4,5410,0,,
1914.mp4,5411,0,,
1914.mp4,5412,0,,
1914.mp4,5413,0,,
1914.mp4,5414,0,,
1914.mp4,5415,0,,
1914.mp4,5416,0,,
1914.mp4,5417,0,,
1914.mp4,5418,0,,
1914.mp4,5451,0,,
1914.mp4,5452,0,,
1914.mp4,5453,0,,
1914.mp4,5454,0,,
1914.mp4,5455,0,,
1914.mp4,5456,0,,
1914.mp4,5457,0,,
1914.mp4,5458,0,,
1914.mp4,5459,0,,
1914.mp4,5460,0,,
1914.mp4,7339,1,404.4,209.6
1914.mp4,7340,1,390.4,194.5
1914.mp4,7341,1,378.5,180.4
1914.mp4,7342,1,365.5,168.5
1914.mp4,7343,1,355.8,162.0
1914.mp4,7344,1,345.0,155.6
1914.mp4,7345,1,334.2,153.4
1914.mp4,7346,1,324.5,154.5
1914.mp4,7347,1,314.7,155.6
1914.mp4,7348,1,306.1,161.0
1914.mp4,7961,0,,
1914.mp4,7962,0,,
1914.mp4,7963,0,,
1914.mp4,7964,0,,
1914.mp4,7965,0,,
1914.mp4,7966,0,,
1914.mp4,7967,0,,
1914.mp4,7968,0,,
1914.mp4,7969,0,,
1914.mp4,7970,0,,
1914.mp4,8965,1,884.2,312.3
1914.mp4,8966,1,904.8,298.2
1914.mp4,8967,1,924.2,290.6
1914.mp4,8968,1,942.6,285.2
1914.mp4,8969,1,959.9,280.9
1914.mp4,8970,1,978.3,282.0
1914.mp4,8971,1,995.5,284.2
1914.mp4,8972,1,1011.8,291.7
1914.mp4,8973,1,1026.9,301.4
1914.mp4,8974,1,1040.9,311.2
1914.mp4,9861,0,,
1914.mp4,9862,1,264.5,324.5
1914.mp4,9863,1,257.2,309.1
1914.mp4,9864,0,,
1914.mp4,9865,1,245.4,283.6
1914.mp4,9866,1,250.8,275.4
1914.mp4,9867,1,258.1,273.6
1914.mp4,9868,1,262.6,271.8
1914.mp4,9869,1,270.8,270.9
1914.mp4,9870,1,278.1,274.5
1914.mp4,10244,1,345.4,202.3
1914.mp4,10245,1,330.7,192.1
1914.mp4,10246,1,322.9,182.4
1914.mp4,10247,1,347.7,163.9
1914.mp4,10248,1,375.1,148.7
1914.mp4,10249,1,400.8,136.9
1914.mp4,10250,1,427.2,124.1
1914.mp4,10251,1,453.0,113.9
1914.mp4,10252,1,481.0,107.9
1914.mp4,10253,1,507.9,101.9
1914.mp4,10492,1,435.2,241.9
1914.mp4,10493,1,418.1,229.1
1914.mp4,10494,1,400.0,217.4
1914.mp4,10495,1,384.0,212.0
1914.mp4,10496,1,374.4,202.4
1914.mp4,10497,1,392.6,193.9
1914.mp4,10498,1,409.6,186.5
1914.mp4,10499,1,428.8,179.0
1914.mp4,10500,1,448.0,176.9
1914.mp4,10501,1,465.0,172.6
