track,frame,t_s,x_px,y_px
0,40,1.333,918.0,422.5
0,41,1.367,918.4,419.3
0,42,1.4,919.0,416.5
0,43,1.433,920.1,413.6
0,44,1.467,920.7,413.7
0,45,1.5,920.9,415.3
0,46,1.533,919.8,416.0
0,47,1.567,918.8,417.0
0,48,1.6,918.0,418.5
0,49,1.633,917.0,420.5
1,132,4.4,505.9,276.8
1,134,4.467,487.0,231.0
1,137,4.567,460.4,187.6
1,138,4.6,453.4,179.8
1,139,4.633,445.4,175.4
1,140,4.667,438.5,173.5
1,141,4.7,433.1,175.5
1,142,4.733,426.5,179.5
1,143,4.767,420.5,184.5
2,154,5.133,1053.0,268.0
2,155,5.167,1053.5,268.0
2,156,5.2,1054.5,268.0
2,157,5.233,1055.0,268.0
2,158,5.267,1056.0,268.0
2,159,5.3,1055.5,268.0
2,160,5.333,1055.5,268.0
2,161,5.367,1054.0,268.0
2,162,5.4,1055.0,268.0
2,164,5.467,1053.0,270.0
3,245,8.167,308.0,238.0
3,247,8.233,301.0,242.0
3,248,8.267,298.0,245.0
3,249,8.3,294.0,247.0
3,250,8.333,290.3,248.8
3,251,8.367,287.1,250.8
3,252,8.4,284.5,252.5
3,253,8.433,282.1,254.3
3,254,8.467,280.0,255.0
3,255,8.5,278.2,256.4
3,256,8.533,277.1,257.5
3,257,8.567,276.4,258.9
3,258,8.6,276.4,260.9
3,259,8.633,276.4,262.9
3,260,8.667,277.1,264.8
3,261,8.7,277.0,265.1
3,262,8.733,275.2,260.5
4,267,8.9,261.8,217.2
4,268,8.933,261.5,211.5
4,269,8.967,261.2,211.8
4,270,9.0,260.5,212.5
4,271,9.033,260.4,217.2
4,272,9.067,261.0,220.0
5,312,10.4,639.5,245.7
5,313,10.433,617.5,259.0
5,314,10.467,597.1,264.8
5,315,10.5,586.2,253.5
5,316,10.533,572.0,229.0
5,317,10.567,558.0,215.0
6,322,10.733,1068.0,473.0
6,326,10.867,1057.0,469.0
6,327,10.9,1047.0,473.0
6,329,10.967,1046.0,474.5
6,330,11.0,1046.0,476.0
6,331,11.033,1048.0,480.5
7,375,12.5,1119.5,239.4
7,376,12.533,1119.5,239.4
7,377,12.567,1119.5,239.4
7,378,12.6,1119.5,239.4
7,379,12.633,1119.5,239.4
7,380,12.667,1119.5,239.4
7,381,12.7,1119.5,239.4
7,382,12.733,1119.5,239.4
7,383,12.767,1119.5,239.4
7,384,12.8,1119.5,239.4
7,385,12.833,1119.5,239.4
7,386,12.867,1108.0,321.0
7,387,12.9,1090.8,308.0
7,388,12.933,1091.8,295.4
7,389,12.967,1090.0,270.5
7,390,13.0,1087.0,270.5
7,392,13.067,1101.0,227.0
7,393,13.1,1105.0,220.0
7,394,13.133,1108.2,213.4
7,395,13.167,1113.2,212.4
7,396,13.2,1110.0,213.0
7,397,13.233,1114.0,214.5
7,398,13.267,1116.0,220.0
7,402,13.4,1216.5,228.5
7,403,13.433,1219.7,237.9
7,404,13.467,1224.0,248.0
8,436,14.533,852.3,309.2
8,439,14.633,1011.1,301.0
8,441,14.7,1114.4,310.7
8,442,14.733,1198.0,311.0
8,443,14.767,1194.8,294.1
8,444,14.8,1196.2,293.4
8,447,14.9,1221.1,260.2
8,448,14.933,1230.0,262.0
9,505,16.833,30.0,542.0
9,506,16.867,30.0,542.0
9,507,16.9,30.0,542.0
9,508,16.933,30.0,542.0
9,509,16.967,30.0,542.0
9,510,17.0,30.0,542.0
9,511,17.033,30.0,542.0
9,512,17.067,30.0,542.0
9,513,17.1,30.0,542.0
9,514,17.133,30.0,542.0
9,515,17.167,30.0,542.0
10,657,21.9,544.5,293.5
10,658,21.933,556.3,262.3
10,659,21.967,566.6,254.6
10,660,22.0,579.0,272.0
10,661,22.033,625.0,322.0
10,662,22.067,634.0,319.7
10,664,22.133,602.0,417.0
10,665,22.167,602.0,417.0
10,666,22.2,602.0,417.0
10,667,22.233,603.2,416.7
10,668,22.267,603.2,416.7
10,669,22.3,603.2,416.7
10,670,22.333,603.2,416.7
10,671,22.367,602.0,417.0
10,672,22.4,602.0,417.0
10,673,22.433,602.0,417.0
10,674,22.467,602.0,417.0
10,675,22.5,602.0,417.0
10,676,22.533,602.0,417.0
10,677,22.567,602.0,417.0
10,678,22.6,602.0,417.0
10,679,22.633,602.0,417.0
10,680,22.667,602.0,417.0
10,681,22.7,602.0,417.0
10,683,22.767,567.0,255.0
11,710,23.667,333.5,222.0
11,711,23.7,328.5,224.4
11,712,23.733,324.0,226.5
11,713,23.767,318.9,228.6
11,714,23.8,314.1,230.8
11,715,23.833,310.0,232.9
11,716,23.867,305.7,234.8
11,717,23.9,301.3,236.7
11,718,23.933,298.3,238.7
11,719,23.967,294.9,241.2
11,720,24.0,292.5,242.4
11,721,24.033,290.5,244.4
11,722,24.067,288.4,246.4
11,723,24.1,286.6,248.4
11,724,24.133,284.6,249.7
11,725,24.167,283.9,251.7
11,726,24.2,282.9,253.2
11,727,24.233,282.3,255.3
11,728,24.267,282.2,257.4
11,729,24.3,281.8,259.2
11,730,24.333,282.5,261.2
11,731,24.367,282.5,262.5
11,732,24.4,282.4,263.5
11,733,24.433,282.4,263.5
11,734,24.467,280.7,262.5
11,735,24.5,279.1,258.9
11,738,24.6,266.5,230.5
11,739,24.633,263.5,219.5
11,742,24.733,256.9,208.8
11,743,24.767,255.2,209.2
11,744,24.8,253.2,213.1
11,746,24.867,251.5,224.5
12,834,27.8,636.0,204.0
12,835,27.833,618.6,207.6
12,836,27.867,600.9,214.2
12,837,27.9,586.9,222.3
12,838,27.933,573.3,232.1
12,839,27.967,559.4,246.0
12,842,28.067,535.4,254.8
13,887,29.567,778.5,256.6
13,889,29.633,719.3,240.3
13,890,29.667,685.1,236.3
13,891,29.7,647.6,237.4
13,892,29.733,638.0,238.0
13,893,29.767,610.5,243.0
13,897,29.9,539.8,251.2
14,913,30.433,684.5,189.0
14,914,30.467,702.0,197.0
14,918,30.6,840.5,302.5
14,919,30.633,854.2,313.8
14,922,30.733,956.0,332.3
14,926,30.867,1066.6,308.4
15,1000,33.333,1152.0,209.0
15,1001,33.367,1152.0,209.0
15,1002,33.4,1152.0,209.0
15,1003,33.433,1152.0,209.0
15,1004,33.467,1152.0,209.0
15,1005,33.5,1152.0,209.0
15,1006,33.533,1152.0,209.0
15,1007,33.567,1152.0,209.0
15,1008,33.6,1152.0,209.0
15,1009,33.633,1152.0,209.0
15,1010,33.667,1152.0,209.0
15,1011,33.7,1152.0,209.0
15,1012,33.733,1152.0,209.0
15,1013,33.767,1152.0,209.0
15,1014,33.8,1152.0,209.0
15,1015,33.833,1152.0,209.0
15,1016,33.867,1152.0,209.0
15,1017,33.9,1152.0,209.0
15,1018,33.933,1152.0,209.0
15,1019,33.967,1152.0,209.0
15,1020,34.0,1152.0,209.0
15,1021,34.033,1152.0,209.0
16,1040,34.667,317.6,252.9
16,1041,34.7,315.1,248.8
16,1042,34.733,312.4,246.6
16,1043,34.767,310.3,247.0
16,1044,34.8,308.6,250.1
16,1045,34.833,307.8,255.6
16,1046,34.867,307.2,263.7
16,1047,34.9,306.5,274.9
17,1063,35.433,316.1,519.7
17,1064,35.467,312.1,518.2
17,1065,35.5,309.0,518.1
17,1066,35.533,306.1,520.4
17,1067,35.567,303.4,525.7
17,1068,35.6,302.2,532.2
17,1069,35.633,300.5,542.6
17,1070,35.667,299.6,554.9
17,1071,35.7,299.1,568.1
18,1096,36.533,123.0,294.0
18,1097,36.567,137.2,304.8
18,1098,36.6,123.2,296.4
18,1099,36.633,123.1,295.8
18,1100,36.667,122.5,292.6
18,1101,36.7,124.0,295.1
18,1102,36.733,133.0,292.5
18,1103,36.767,135.0,296.0
18,1104,36.8,137.0,298.0
18,1105,36.833,150.0,318.5
18,1106,36.867,154.8,323.6
18,1107,36.9,160.2,325.8
18,1108,36.933,166.0,327.0
18,1109,36.967,172.4,327.7
18,1110,37.0,179.3,328.2
18,1111,37.033,187.3,329.2
18,1112,37.067,195.6,329.8
18,1113,37.1,203.3,330.2
18,1114,37.133,207.0,329.5
18,1115,37.167,212.0,330.0
19,1159,38.633,217.5,338.5
19,1160,38.667,213.1,330.7
19,1161,38.7,211.1,327.5
19,1162,38.733,209.1,322.6
19,1163,38.767,206.6,317.8
19,1164,38.8,204.5,313.6
19,1165,38.833,204.2,310.8
19,1166,38.867,204.3,309.4
19,1167,38.9,205.3,306.5
19,1168,38.933,206.1,303.1
19,1169,38.967,211.4,301.6
19,1170,39.0,212.9,298.6
19,1171,39.033,212.5,295.0
19,1173,39.1,213.5,287.0
19,1174,39.133,213.5,284.0
19,1175,39.167,181.5,277.3
19,1176,39.2,175.9,274.3
19,1177,39.233,181.0,274.0
19,1178,39.267,173.6,268.6
19,1179,39.3,171.7,266.4
19,1180,39.333,178.0,264.0
19,1181,39.367,154.4,258.5
19,1182,39.4,152.5,258.5
19,1183,39.433,150.4,258.4
20,1198,39.933,868.2,303.0
20,1199,39.967,874.7,293.4
20,1200,40.0,880.6,287.0
20,1201,40.033,886.0,283.3
20,1202,40.067,890.9,282.8
20,1203,40.1,895.4,284.6
20,1204,40.133,899.5,289.5
20,1205,40.167,902.9,296.2
20,1207,40.233,904.6,261.8
21,1212,40.4,868.0,371.0
21,1216,40.533,865.0,361.0
21,1217,40.567,856.0,348.0
21,1218,40.6,851.1,343.0
21,1219,40.633,848.0,341.0
21,1220,40.667,844.0,329.0
21,1221,40.7,849.6,317.2
21,1222,40.733,858.0,319.0
21,1226,40.867,872.0,274.0
22,1237,41.233,886.0,328.0
22,1239,41.3,902.0,339.0
22,1240,41.333,914.0,339.0
22,1242,41.4,928.0,362.0
22,1243,41.433,948.0,347.0
22,1244,41.467,960.0,350.0
23,1328,44.267,824.0,334.0
23,1329,44.3,823.0,331.0
23,1331,44.367,876.0,335.0
23,1333,44.433,922.6,307.7
23,1335,44.5,821.5,267.5
23,1336,44.533,824.2,253.4
23,1337,44.567,824.4,240.9
23,1338,44.6,825.8,231.3
23,1339,44.633,826.5,226.8
23,1340,44.667,826.4,224.7
23,1341,44.7,826.5,226.8
23,1342,44.733,826.2,231.0
23,1343,44.767,824.7,239.1
23,1344,44.8,823.4,249.7
23,1345,44.833,821.5,265.5
23,1347,44.9,818.6,299.4
24,1357,45.233,844.6,316.6
24,1359,45.3,898.0,416.0
24,1361,45.367,898.0,415.0
24,1363,45.433,884.0,325.0
24,1364,45.467,887.8,325.2
25,1381,46.033,855.0,375.0
25,1382,46.067,848.4,371.4
25,1383,46.1,844.0,365.0
25,1384,46.133,838.0,358.0
25,1387,46.233,826.5,342.5
25,1389,46.3,824.5,335.0
25,1390,46.333,823.0,334.0
25,1391,46.367,820.1,333.1
25,1393,46.433,825.5,311.2
25,1395,46.5,823.3,252.6
25,1396,46.533,821.4,234.4
25,1397,46.567,819.4,217.8
25,1398,46.6,816.2,205.0
25,1399,46.633,813.0,195.6
25,1400,46.667,810.2,190.8
25,1401,46.7,807.8,188.6
25,1402,46.733,804.0,188.9
25,1403,46.767,800.0,193.4
26,1423,47.433,794.9,254.3
26,1425,47.5,799.6,269.7
26,1426,47.533,802.0,281.4
26,1427,47.567,804.2,296.9
26,1428,47.6,803.7,304.7
27,1435,47.833,829.2,342.3
27,1436,47.867,835.2,331.6
27,1437,47.9,840.6,324.4
27,1441,48.033,859.6,327.3
27,1442,48.067,863.6,337.6
27,1443,48.1,867.4,348.9
27,1444,48.133,870.6,362.1
27,1446,48.2,879.8,371.3
27,1447,48.233,888.6,368.6
27,1448,48.267,897.0,370.1
27,1449,48.3,906.5,373.7
27,1450,48.333,916.9,379.0
27,1451,48.367,925.4,389.3
27,1452,48.4,928.4,403.2
28,1474,49.133,921.1,463.7
28,1475,49.167,917.0,443.5
28,1478,49.267,908.5,374.9
28,1479,49.3,904.3,347.1
28,1480,49.333,908.0,333.0
28,1481,49.367,920.6,301.3
28,1482,49.4,925.8,291.3
28,1483,49.433,930.0,281.0
28,1484,49.467,932.9,277.2
28,1485,49.5,934.7,276.6
28,1487,49.567,939.0,282.1
28,1488,49.6,938.9,294.5
28,1489,49.633,941.3,309.0
29,1531,51.033,930.5,318.5
29,1532,51.067,957.8,315.9
29,1533,51.1,1002.6,315.3
29,1537,51.233,1112.5,340.5
29,1539,51.3,1198.0,378.0
29,1541,51.367,1175.6,359.4
29,1542,51.4,1116.0,311.0
29,1543,51.433,1082.1,280.6
30,1625,54.167,533.0,260.0
30,1627,54.233,557.1,246.6
30,1628,54.267,571.5,233.5
30,1629,54.3,586.0,225.1
30,1630,54.333,601.4,218.3
30,1631,54.367,617.6,214.4
30,1632,54.4,633.1,213.7
30,1633,54.433,647.6,215.0
30,1634,54.467,657.3,218.8
30,1635,54.5,680.8,226.8
31,1649,54.967,1086.0,247.0
31,1652,55.067,945.6,336.2
31,1655,55.167,972.2,323.0
31,1657,55.233,977.5,291.5
31,1658,55.267,980.3,280.8
31,1659,55.3,982.2,274.3
31,1660,55.333,983.1,270.7
31,1661,55.367,983.4,270.7
31,1662,55.4,983.5,274.3
31,1663,55.433,982.5,281.3
31,1664,55.467,980.5,291.5
31,1666,55.533,976.7,322.4
31,1668,55.6,970.8,352.7
32,1769,58.967,935.8,424.2
32,1770,59.0,932.7,403.6
32,1771,59.033,922.0,385.0
32,1772,59.067,924.0,349.7
32,1773,59.1,916.0,335.0
32,1775,59.167,931.6,290.4
32,1776,59.2,935.8,280.9
32,1777,59.233,933.5,272.5
32,1778,59.267,933.9,267.9
32,1779,59.3,934.7,267.7
32,1780,59.333,934.2,272.0
32,1781,59.367,934.4,278.6
32,1782,59.4,932.9,289.8
32,1783,59.433,928.0,308.0
33,1796,59.867,588.5,298.8
33,1800,60.0,497.7,273.1
33,1801,60.033,475.5,273.0
33,1802,60.067,451.6,275.6
33,1803,60.1,436.5,280.0
34,1846,61.533,723.3,208.9
34,1847,61.567,692.2,209.5
34,1849,61.633,637.0,217.0
34,1850,61.667,603.0,228.0
34,1851,61.7,572.1,253.7
35,1968,65.6,707.0,295.0
35,1969,65.633,697.0,293.0
35,1970,65.667,684.0,291.0
35,1972,65.733,640.0,324.0
35,1973,65.767,626.0,328.0
35,1974,65.8,612.0,327.0
35,1975,65.833,599.0,323.0
35,1976,65.867,588.0,323.0
35,1978,65.933,576.7,274.0
36,1988,66.267,561.0,397.0
36,1989,66.3,561.0,397.0
36,1990,66.333,506.0,367.0
36,1991,66.367,506.0,367.0
36,1992,66.4,506.0,367.0
36,1993,66.433,506.0,367.0
36,1994,66.467,506.0,367.0
36,1995,66.5,547.5,354.5
36,1996,66.533,546.5,354.5
36,1997,66.567,556.0,354.0
36,1999,66.633,544.0,353.0
36,2000,66.667,543.0,350.0
36,2001,66.7,543.0,350.0
36,2002,66.733,542.5,347.5
37,2009,66.967,561.8,342.4
37,2010,67.0,567.2,342.0
37,2011,67.033,573.4,339.9
37,2012,67.067,580.8,337.7
37,2013,67.1,587.6,333.8
37,2014,67.133,598.0,331.3
37,2015,67.167,607.5,327.8
37,2016,67.2,578.9,272.1
37,2017,67.233,595.3,263.9
37,2018,67.267,558.0,253.0
37,2019,67.3,558.0,253.0
37,2020,67.333,558.0,253.0
37,2021,67.367,558.0,253.0
37,2022,67.4,558.0,253.0
37,2023,67.433,558.0,253.0
37,2024,67.467,558.0,253.0
37,2025,67.5,558.0,253.0
37,2026,67.533,558.0,253.0
37,2027,67.567,558.0,253.0
37,2028,67.6,558.0,253.0
37,2029,67.633,558.0,253.0
37,2030,67.667,558.0,253.0
37,2031,67.7,558.0,253.0
37,2032,67.733,558.0,253.0
37,2033,67.767,558.0,253.0
37,2034,67.8,558.0,253.0
37,2035,67.833,558.0,253.0
37,2036,67.867,558.0,253.0
37,2037,67.9,567.0,255.0
37,2038,67.933,567.0,255.0
37,2039,67.967,567.0,255.0
37,2043,68.1,824.0,412.0
37,2045,68.167,826.0,430.0
37,2049,68.3,1023.0,206.0
38,2087,69.567,287.5,249.7
38,2088,69.6,283.2,249.8
38,2089,69.633,281.0,251.6
38,2090,69.667,279.4,252.9
38,2091,69.7,278.1,254.8
38,2092,69.733,276.9,256.5
38,2093,69.767,275.5,258.1
38,2094,69.8,275.4,259.4
38,2095,69.833,275.9,261.4
38,2096,69.867,276.5,263.4
38,2097,69.9,277.4,265.6
38,2098,69.933,279.2,267.6
38,2099,69.967,279.1,268.2
38,2100,70.0,278.1,265.2
38,2104,70.133,264.5,224.5
38,2106,70.2,259.2,212.3
38,2107,70.233,258.5,210.8
38,2108,70.267,257.2,209.2
38,2110,70.333,256.0,216.0
39,2243,74.767,656.8,261.8
39,2244,74.8,643.4,269.1
39,2245,74.833,644.1,274.6
39,2246,74.867,660.8,283.7
39,2248,74.933,676.7,284.3
39,2249,74.967,682.7,283.3
39,2252,75.067,697.0,297.0
39,2253,75.1,710.2,293.5
39,2254,75.133,719.2,289.1
39,2255,75.167,724.9,286.0
39,2256,75.2,729.8,285.2
39,2257,75.233,736.4,287.0
39,2258,75.267,741.2,290.3
39,2259,75.3,744.0,290.0
39,2261,75.367,750.0,303.0
39,2263,75.433,771.0,293.1
39,2264,75.467,776.5,296.0
39,2266,75.533,778.0,305.0
39,2267,75.567,794.5,295.0
39,2268,75.6,799.9,296.9
39,2269,75.633,806.2,301.3
39,2270,75.667,811.3,302.5
39,2271,75.7,818.1,300.0
39,2272,75.733,823.2,299.4
39,2273,75.767,829.4,301.4
39,2274,75.8,835.1,305.4
39,2275,75.833,840.5,310.9
40,2300,76.667,945.0,449.0
40,2301,76.7,949.1,445.1
40,2303,76.767,995.4,273.1
40,2304,76.8,994.6,270.4
40,2305,76.833,992.3,262.7
40,2306,76.867,992.5,257.0
40,2307,76.9,991.1,249.6
40,2308,76.933,991.0,243.5
40,2309,76.967,990.0,240.0
40,2310,77.0,989.0,232.0
40,2314,77.133,678.9,209.8
41,2402,80.067,290.0,244.0
41,2405,80.167,281.5,251.0
41,2406,80.2,280.4,254.6
41,2407,80.233,278.6,256.4
41,2409,80.3,276.1,262.4
41,2410,80.333,276.2,266.3
41,2411,80.367,276.2,268.8
41,2412,80.4,277.0,272.1
41,2413,80.433,276.6,272.5
41,2414,80.467,274.1,269.9
41,2415,80.5,268.5,260.0
42,2421,80.7,251.5,195.5
42,2422,80.733,251.1,193.2
42,2423,80.767,249.5,192.5
42,2424,80.8,249.2,193.8
42,2425,80.833,249.2,199.9
43,2489,82.967,695.0,216.0
43,2490,83.0,711.5,226.0
43,2491,83.033,747.5,250.0
43,2492,83.067,796.0,292.0
43,2493,83.1,815.0,304.0
44,2582,86.067,539.2,251.7
44,2586,86.2,558.0,260.5
44,2587,86.233,616.1,236.4
44,2588,86.267,632.9,234.5
44,2589,86.3,648.3,235.4
44,2590,86.333,672.7,240.8
45,2649,88.3,992.3,536.8
45,2650,88.333,992.0,533.5
45,2651,88.367,990.9,530.8
45,2652,88.4,991.6,527.4
45,2653,88.433,991.6,525.4
45,2654,88.467,992.5,524.0
45,2655,88.5,993.6,523.4
45,2656,88.533,995.5,523.5
45,2657,88.567,998.0,524.0
45,2659,88.633,1002.0,531.0
45,2660,88.667,1004.0,533.0
45,2661,88.7,1008.0,537.0
45,2662,88.733,1012.0,539.5
45,2663,88.767,1015.7,541.8
45,2664,88.8,1019.3,543.8
45,2665,88.833,1022.5,545.3
45,2666,88.867,1026.5,547.5
45,2667,88.9,1030.1,550.8
45,2668,88.933,1032.5,551.0
45,2669,88.967,1036.0,553.5
46,2692,89.733,929.7,447.3
46,2694,89.8,910.4,396.8
46,2695,89.833,908.0,369.0
46,2697,89.9,921.1,306.9
46,2698,89.933,920.0,297.0
46,2699,89.967,924.3,278.4
46,2700,90.0,929.3,261.0
46,2701,90.033,929.7,258.8
46,2702,90.067,934.6,257.7
46,2703,90.1,935.0,258.5
46,2704,90.133,931.7,258.5
46,2705,90.167,930.9,264.7
46,2706,90.2,928.7,276.3
47,2763,92.1,809.3,249.7
47,2764,92.133,775.0,236.0
47,2765,92.167,737.4,225.1
47,2766,92.2,719.0,220.0
47,2767,92.233,683.2,216.8
47,2768,92.267,652.4,220.4
47,2769,92.3,622.1,220.0
47,2770,92.333,597.4,226.3
47,2771,92.367,579.0,232.4
47,2772,92.4,556.3,246.7
47,2773,92.433,545.5,253.4
47,2776,92.533,499.5,258.5
48,2996,99.867,925.0,482.0
48,2997,99.9,916.6,468.1
48,2999,99.967,900.5,416.3
48,3000,100.0,895.2,397.8
48,3001,100.033,901.0,376.1
48,3002,100.067,913.6,335.8
48,3003,100.1,917.0,310.0
48,3004,100.133,921.2,296.8
48,3005,100.167,930.0,280.0
48,3006,100.2,939.0,283.0
48,3007,100.233,940.6,272.9
48,3008,100.267,944.0,279.0
48,3009,100.3,951.6,276.3
48,3010,100.333,948.0,281.0
48,3011,100.367,956.8,296.8
49,3187,106.233,730.0,291.0
49,3188,106.267,717.0,292.0
49,3190,106.333,695.0,303.0
49,3191,106.367,683.0,307.0
49,3193,106.433,631.0,301.0
50,3207,106.9,502.5,314.5
50,3208,106.933,498.8,317.6
50,3209,106.967,503.0,317.0
50,3210,107.0,502.0,317.0
50,3211,107.033,502.0,317.0
50,3214,107.133,542.4,349.6
50,3215,107.167,542.4,349.6
50,3216,107.2,542.4,349.6
50,3217,107.233,542.4,349.6
50,3218,107.267,543.5,349.9
50,3220,107.333,507.0,319.0
50,3223,107.433,510.0,317.0
51,3230,107.667,510.0,297.0
51,3233,107.767,501.0,314.0
51,3234,107.8,501.0,314.0
51,3235,107.833,501.0,314.0
51,3236,107.867,501.0,314.0
51,3237,107.9,501.0,314.0
51,3239,107.967,655.1,297.6
51,3240,108.0,673.1,301.4
51,3241,108.033,688.5,298.7
51,3242,108.067,706.9,293.5
51,3243,108.1,725.0,293.8
51,3244,108.133,752.0,299.5
51,3245,108.167,773.0,302.0
51,3246,108.2,804.0,317.0
51,3247,108.233,820.3,314.6
51,3248,108.267,833.4,316.0
51,3251,108.367,577.2,254.9
51,3252,108.4,577.2,254.9
51,3253,108.433,577.2,254.9
51,3254,108.467,577.2,254.9
51,3255,108.5,577.2,254.9
51,3256,108.533,577.2,254.9
51,3257,108.567,577.2,254.9
51,3258,108.6,577.2,254.9
51,3259,108.633,577.2,254.9
51,3260,108.667,577.2,254.9
51,3261,108.7,577.0,255.0
51,3262,108.733,577.0,255.0
51,3263,108.767,577.0,255.0
51,3264,108.8,577.0,255.0
51,3265,108.833,577.2,254.2
51,3266,108.867,577.1,254.5
52,3278,109.267,883.0,404.0
52,3279,109.3,888.0,404.0
52,3280,109.333,892.0,405.0
52,3281,109.367,892.0,410.0
52,3282,109.4,913.0,406.5
53,3314,110.467,333.0,227.0
53,3316,110.533,322.0,231.0
53,3317,110.567,318.0,233.0
53,3318,110.6,314.0,235.0
53,3319,110.633,310.0,237.0
53,3320,110.667,306.0,240.0
53,3321,110.7,302.4,242.6
53,3324,110.8,296.5,256.0
54,3338,111.267,255.0,166.5
54,3339,111.3,248.7,156.8
54,3342,111.4,238.2,137.3
54,3343,111.433,237.5,137.5
54,3344,111.467,236.2,137.7
54,3345,111.5,233.5,140.5
54,3346,111.533,232.7,146.7
54,3347,111.567,231.6,155.3
55,3413,113.767,902.9,316.2
55,3414,113.8,952.0,316.5
55,3415,113.833,981.3,321.1
55,3416,113.867,1021.6,327.0
55,3420,114.0,1147.1,379.6
56,3426,114.2,1089.0,356.0
56,3427,114.233,1045.5,331.9
56,3428,114.267,1002.5,319.0
56,3432,114.4,796.0,251.0
56,3436,114.533,684.7,258.9
56,3438,114.6,635.7,275.2
56,3439,114.633,631.1,280.7
56,3440,114.667,644.2,292.5
56,3442,114.733,657.0,292.8
56,3443,114.767,663.6,292.5
56,3444,114.8,670.2,294.7
56,3445,114.833,677.1,299.6
56,3446,114.867,680.9,304.3
56,3447,114.9,687.6,302.5
56,3448,114.933,691.4,302.4
56,3449,114.967,699.5,307.2
56,3451,115.033,710.1,314.9
56,3452,115.067,715.6,315.2
56,3453,115.1,723.2,315.4
56,3454,115.133,727.4,321.7
56,3455,115.167,732.0,324.9
56,3456,115.2,736.0,330.0
56,3457,115.233,737.0,333.0
56,3458,115.267,752.0,330.0
56,3459,115.3,756.8,332.2
56,3460,115.333,762.7,334.0
56,3461,115.367,768.9,335.9
56,3462,115.4,774.9,340.3
56,3463,115.433,781.6,340.8
56,3464,115.467,787.6,342.8
56,3465,115.5,793.5,346.2
56,3466,115.533,800.5,348.4
56,3467,115.567,806.8,350.7
56,3468,115.6,813.2,353.3
56,3469,115.633,819.4,354.9
56,3470,115.667,826.6,357.2
56,3471,115.7,832.6,360.5
56,3472,115.733,839.4,361.6
56,3473,115.767,846.1,364.2
56,3474,115.8,852.6,365.9
56,3475,115.833,859.2,368.0
56,3476,115.867,866.0,370.5
56,3477,115.9,872.6,372.8
56,3478,115.933,879.7,375.0
56,3479,115.967,886.2,376.9
56,3480,116.0,893.6,379.4
56,3481,116.033,900.6,380.8
56,3482,116.067,908.0,382.6
56,3483,116.1,910.5,384.0
56,3484,116.133,910.0,380.0
56,3485,116.167,904.4,379.5
56,3486,116.2,907.3,378.9
56,3487,116.233,912.9,378.9
56,3488,116.267,930.5,362.0
56,3489,116.3,932.0,358.0
56,3490,116.333,933.5,359.5
56,3491,116.367,940.7,354.7
56,3492,116.4,952.1,347.6
56,3493,116.433,958.7,348.6
56,3494,116.467,962.0,349.0
56,3496,116.533,989.0,360.0
56,3497,116.567,991.0,367.0
56,3498,116.6,988.6,386.8
56,3499,116.633,986.7,394.1
56,3500,116.667,984.0,400.0
56,3501,116.7,985.3,416.8
57,3554,118.467,391.0,156.0
57,3555,118.5,382.5,155.5
57,3556,118.533,376.1,156.1
57,3557,118.567,369.2,159.0
57,3558,118.6,363.3,164.8
57,3559,118.633,358.1,171.6
57,3560,118.667,352.0,181.0
58,3583,119.433,293.0,250.0
58,3584,119.467,290.5,250.5
58,3585,119.5,288.5,252.0
58,3586,119.533,286.1,252.4
58,3588,119.6,283.2,254.3
58,3589,119.633,283.0,256.0
58,3590,119.667,281.2,256.3
58,3591,119.7,280.0,258.0
58,3592,119.733,279.5,258.5
58,3593,119.767,278.9,259.4
58,3594,119.8,277.6,259.3
58,3595,119.833,276.6,259.4
58,3596,119.867,275.6,259.3
58,3597,119.9,274.9,259.2
58,3598,119.933,274.9,259.2
58,3599,119.967,274.7,259.2
58,3600,120.0,274.7,259.2
58,3601,120.033,274.8,259.7
58,3602,120.067,275.1,260.7
58,3603,120.1,276.0,261.4
58,3604,120.133,276.8,262.6
58,3605,120.167,277.7,263.2
58,3606,120.2,278.1,264.4
58,3607,120.233,279.5,265.4
58,3608,120.267,280.2,266.4
58,3609,120.3,281.0,267.0
58,3610,120.333,282.5,267.1
58,3611,120.367,283.9,267.1
58,3612,120.4,283.9,267.1
58,3613,120.433,283.5,264.5
59,3714,123.8,776.4,194.0
59,3715,123.833,751.0,188.4
59,3716,123.867,716.6,187.4
59,3717,123.9,694.3,188.7
59,3718,123.933,673.8,191.5
59,3719,123.967,650.4,199.2
59,3720,124.0,635.0,206.7
59,3721,124.033,618.7,214.7
59,3722,124.067,601.8,227.3
59,3723,124.1,588.3,238.7
59,3726,124.2,555.5,251.5
60,3858,128.6,729.7,262.7
60,3859,128.633,740.5,269.5
60,3860,128.667,818.0,309.0
60,3862,128.733,912.6,270.4
60,3864,128.8,1026.4,245.0
60,3867,128.9,1173.1,237.0
60,3870,129.0,1278.5,250.0
61,3965,132.167,274.5,498.6
61,3966,132.2,265.3,492.7
61,3967,132.233,256.4,489.8
61,3968,132.267,247.8,489.3
61,3969,132.3,240.6,490.6
61,3970,132.333,234.9,494.5
61,3971,132.367,228.5,501.3
61,3972,132.4,223.8,509.0
62,4061,135.367,626.6,110.9
62,4062,135.4,632.0,104.5
62,4063,135.433,636.7,101.3
62,4064,135.467,642.1,100.8
62,4065,135.5,645.6,101.1
62,4066,135.533,650.9,103.6
63,4071,135.7,674.0,154.7
63,4072,135.733,677.4,170.3
63,4073,135.767,680.3,187.6
63,4074,135.8,683.0,206.4
63,4075,135.833,686.1,227.6
63,4076,135.867,688.5,248.6
63,4077,135.9,690.2,267.2
64,4130,137.667,909.0,252.0
64,4134,137.8,894.0,250.0
64,4135,137.833,892.0,249.5
64,4136,137.867,890.0,249.5
64,4139,137.967,886.4,252.4
65,4216,140.533,1026.0,251.0
65,4217,140.567,1024.0,242.0
65,4218,140.6,1020.0,241.5
65,4220,140.667,1014.0,242.0
65,4223,140.767,1008.0,250.0
66,4242,141.4,898.0,381.0
66,4243,141.433,897.2,384.2
66,4244,141.467,902.7,385.4
66,4245,141.5,907.4,389.9
66,4246,141.533,914.6,390.8
66,4247,141.567,918.6,392.8
66,4248,141.6,922.4,390.9
66,4249,141.633,922.0,393.6
66,4252,141.733,941.6,402.0
66,4253,141.767,939.4,402.4
66,4254,141.8,940.4,400.9
66,4255,141.833,930.0,393.0
66,4256,141.867,929.0,395.0
66,4257,141.9,959.9,388.0
66,4258,141.933,948.6,394.8
67,4308,143.6,494.5,263.0
67,4311,143.7,532.0,227.0
67,4312,143.733,540.0,220.0
67,4313,143.767,556.5,215.0
67,4314,143.8,569.1,213.3
67,4315,143.833,582.0,213.6
67,4316,143.867,596.3,216.9
67,4317,143.9,610.8,223.1
67,4318,143.933,623.6,231.1
67,4319,143.967,637.6,242.6
67,4320,144.0,653.6,259.2
67,4321,144.033,658.7,265.3
67,4323,144.1,688.0,311.0
67,4326,144.2,728.5,338.5
67,4327,144.233,739.6,328.9
67,4329,144.3,763.5,311.5
67,4330,144.333,775.0,308.8
67,4331,144.367,786.0,309.4
67,4332,144.4,797.3,312.3
67,4333,144.433,809.5,319.5
67,4334,144.467,820.6,329.3
67,4335,144.5,831.7,341.6
67,4336,144.533,841.6,358.3
67,4337,144.567,859.0,399.5
67,4338,144.6,850.0,393.0
67,4339,144.633,860.0,368.0
68,4355,145.167,1029.8,489.4
68,4356,145.2,1030.3,498.5
68,4357,145.233,1030.7,504.8
68,4358,145.267,1030.5,510.3
68,4359,145.3,1029.3,513.5
68,4360,145.333,1027.1,516.2
68,4361,145.367,1024.3,516.0
69,4366,145.533,970.4,462.5
69,4368,145.6,948.9,411.2
69,4369,145.633,943.5,385.9
69,4370,145.667,937.8,366.0
69,4371,145.7,940.0,349.5
69,4372,145.733,943.7,311.5
69,4373,145.767,943.0,302.5
69,4374,145.8,946.4,283.9
69,4376,145.867,944.5,274.7
69,4378,145.933,938.2,276.9
69,4379,145.967,936.0,283.9
69,4380,146.0,932.2,295.6
69,4381,146.033,928.5,309.0
69,4382,146.067,926.0,326.0
70,4468,148.933,1273.0,306.0
70,4469,148.967,1270.0,302.0
70,4470,149.0,1267.0,298.0
70,4472,149.067,1177.0,355.0
70,4473,149.1,1173.0,353.5
70,4474,149.133,1167.8,347.1
70,4476,149.2,1237.0,277.0
70,4478,149.267,1116.2,306.5
70,4479,149.3,1045.1,282.3
71,4520,150.667,552.6,265.0
71,4523,150.767,595.5,290.1
71,4524,150.8,592.0,295.0
71,4525,150.833,586.5,299.8
71,4526,150.867,583.0,298.0
72,4566,152.2,593.0,268.2
72,4567,152.233,593.8,268.3
72,4568,152.267,594.7,268.5
72,4569,152.3,594.9,270.1
72,4573,152.433,598.5,268.6
72,4574,152.467,601.8,268.0
72,4575,152.5,602.9,267.4
72,4576,152.533,603.2,267.5
72,4577,152.567,604.0,267.5
72,4578,152.6,605.5,267.4
72,4579,152.633,607.1,266.1
72,4580,152.667,607.6,266.0
72,4581,152.7,607.8,265.9
72,4582,152.733,608.8,265.7
72,4583,152.767,609.5,265.5
72,4584,152.8,610.5,265.8
72,4585,152.833,610.8,265.5
72,4586,152.867,610.8,263.4
72,4587,152.9,614.6,264.3
73,4599,153.3,487.0,277.6
73,4600,153.333,472.4,278.3
73,4601,153.367,457.9,279.0
73,4602,153.4,444.1,280.0
73,4603,153.433,431.8,280.9
73,4604,153.467,418.7,282.0
73,4605,153.5,407.0,283.0
73,4606,153.533,395.2,283.9
73,4607,153.567,383.8,284.5
73,4608,153.6,372.7,284.4
73,4609,153.633,362.4,285.4
73,4612,153.733,378.8,284.0
73,4613,153.767,386.2,283.4
73,4614,153.8,393.5,283.0
73,4615,153.833,399.9,281.7
73,4616,153.867,407.3,281.6
73,4617,153.9,412.7,281.0
73,4618,153.933,418.0,280.5
73,4619,153.967,422.9,280.5
73,4620,154.0,427.1,280.0
73,4621,154.033,430.6,280.0
73,4622,154.067,433.7,279.9
73,4623,154.1,436.5,279.4
73,4624,154.133,438.5,279.4
73,4625,154.167,440.5,279.4
73,4626,154.2,441.7,279.5
73,4627,154.233,443.7,279.6
73,4628,154.267,445.0,279.5
73,4629,154.3,446.5,279.4
73,4630,154.333,446.5,279.0
73,4631,154.367,451.5,280.0
73,4632,154.4,447.0,278.5
73,4633,154.433,443.5,276.0
73,4634,154.467,507.0,309.0
73,4635,154.5,546.5,352.6
73,4636,154.533,546.5,352.6
73,4637,154.567,546.5,352.6
73,4638,154.6,545.8,352.2
73,4639,154.633,545.8,352.2
73,4640,154.667,545.5,353.2
73,4641,154.7,547.5,353.0
73,4642,154.733,546.6,292.4
73,4643,154.767,547.0,293.0
74,4661,155.367,542.8,264.2
74,4664,155.467,568.5,253.0
74,4665,155.5,598.8,244.2
74,4666,155.533,614.3,242.5
74,4667,155.567,630.4,243.5
74,4668,155.6,643.5,246.6
74,4669,155.633,659.0,254.4
74,4672,155.733,710.0,289.9
74,4675,155.833,894.0,398.0
74,4676,155.867,896.0,395.0
74,4678,155.933,903.0,389.0
74,4679,155.967,905.5,389.0
74,4680,156.0,906.5,390.5
75,4783,159.433,599.1,216.8
75,4784,159.467,584.0,216.6
75,4785,159.5,568.0,219.8
75,4786,159.533,553.3,226.0
75,4787,159.567,540.4,234.9
75,4788,159.6,531.1,244.3
75,4789,159.633,520.1,256.1
75,4790,159.667,511.8,267.7
75,4791,159.7,503.6,277.6
76,4828,160.933,813.4,250.0
76,4829,160.967,798.5,244.0
76,4830,161.0,756.1,232.4
76,4831,161.033,722.0,226.0
76,4833,161.1,650.5,227.5
76,4836,161.2,555.6,254.1
76,4837,161.233,538.0,257.5
76,4841,161.367,452.9,308.2
77,4866,162.2,810.7,304.0
77,4867,162.233,819.4,298.6
77,4871,162.367,938.3,267.8
77,4873,162.433,1015.7,272.7
77,4876,162.533,1079.0,296.7
77,4878,162.6,1123.1,325.8
77,4880,162.667,1110.5,314.0
77,4882,162.733,1028.9,250.3
77,4886,162.867,804.3,133.8
77,4887,162.9,792.0,129.0
78,5090,169.667,904.5,323.7
78,5092,169.733,1012.4,306.5
78,5093,169.767,1038.7,308.3
78,5094,169.8,1106.9,309.5
78,5095,169.833,1115.0,310.0
78,5098,169.933,1185.7,296.2
78,5099,169.967,1171.6,286.1
79,5166,172.2,788.6,107.9
79,5167,172.233,765.2,113.1
79,5168,172.267,744.1,118.1
79,5169,172.3,720.4,126.8
79,5170,172.333,699.9,136.4
79,5171,172.367,676.4,151.6
80,5214,173.8,650.2,232.4
80,5217,173.9,595.0,226.8
80,5218,173.933,581.6,229.4
80,5219,173.967,569.8,236.0
80,5220,174.0,557.8,246.2
81,5232,174.4,506.0,166.0
81,5233,174.433,504.4,162.1
81,5234,174.467,502.5,161.0
81,5235,174.5,501.9,162.6
81,5236,174.533,501.0,166.5
82,5251,175.033,479.5,333.0
82,5252,175.067,479.5,333.0
82,5254,175.133,479.0,332.5
82,5255,175.167,479.0,332.5
82,5256,175.2,478.5,332.6
82,5257,175.233,478.5,332.6
82,5258,175.267,478.5,332.6
82,5259,175.3,478.5,332.6
82,5260,175.333,478.5,332.6
82,5261,175.367,479.0,332.5
82,5262,175.4,479.0,332.5
82,5263,175.433,479.0,332.5
82,5264,175.467,478.5,332.6
82,5265,175.5,478.5,332.6
82,5266,175.533,478.5,332.6
82,5267,175.567,478.5,332.6
82,5268,175.6,478.3,332.2
82,5269,175.633,478.3,332.2
82,5270,175.667,478.3,332.2
82,5271,175.7,478.3,332.2
82,5272,175.733,478.8,332.1
82,5273,175.767,478.8,332.1
82,5274,175.8,478.8,332.1
82,5275,175.833,478.8,332.1
82,5276,175.867,478.8,332.1
82,5277,175.9,478.8,332.1
82,5278,175.933,478.8,332.1
82,5279,175.967,479.0,332.5
83,5294,176.467,604.5,297.6
83,5295,176.5,605.5,297.0
83,5296,176.533,596.3,290.7
83,5297,176.567,590.5,290.5
83,5298,176.6,586.6,289.8
83,5299,176.633,587.0,292.0
84,5312,177.067,545.9,237.5
84,5313,177.1,544.9,237.6
84,5314,177.133,544.1,239.3
84,5315,177.167,544.0,241.5
84,5318,177.267,546.5,228.5
85,5409,180.3,547.0,288.5
85,5412,180.4,544.8,352.3
85,5413,180.433,544.8,352.3
85,5415,180.5,507.0,317.0
85,5416,180.533,507.0,317.0
85,5417,180.567,507.0,317.0
85,5418,180.6,510.5,363.0
85,5419,180.633,510.5,363.0
85,5420,180.667,510.5,363.0
85,5421,180.7,510.5,363.0
85,5422,180.733,510.5,363.0
85,5424,180.8,638.0,348.0
85,5425,180.833,645.5,346.5
85,5426,180.867,653.0,343.0
85,5427,180.9,663.6,341.6
85,5428,180.933,676.1,342.3
85,5429,180.967,686.4,336.6
85,5430,181.0,701.5,335.2
85,5431,181.033,717.4,331.3
85,5432,181.067,734.3,327.5
85,5433,181.1,750.1,318.5
85,5434,181.133,762.7,302.4
85,5435,181.167,787.0,304.0
85,5436,181.2,815.9,316.6
85,5437,181.233,840.2,319.5
85,5440,181.333,607.0,312.0
85,5441,181.367,607.0,312.0
85,5442,181.4,607.0,312.0
85,5443,181.433,607.0,312.0
86,5459,181.967,297.7,250.4
86,5463,182.1,285.0,258.5
86,5464,182.133,282.1,260.4
86,5465,182.167,280.6,262.4
86,5466,182.2,279.1,264.4
86,5467,182.233,279.8,267.3
86,5468,182.267,279.9,269.2
86,5469,182.3,280.2,271.4
86,5470,182.333,281.2,273.2
86,5471,182.367,280.5,275.0
86,5472,182.4,281.0,276.0
86,5473,182.433,280.5,274.0
87,5525,184.167,651.6,205.6
87,5526,184.2,629.9,209.4
87,5527,184.233,613.3,214.0
87,5530,184.333,549.6,248.1
87,5531,184.367,535.2,257.4
87,5533,184.433,505.1,279.6
88,5580,186.0,309.8,222.7
88,5581,186.033,300.0,219.0
88,5582,186.067,291.0,216.5
88,5583,186.1,283.3,219.6
88,5584,186.133,273.0,222.0
89,5847,194.9,821.4,300.8
89,5851,195.033,1062.4,278.4
89,5853,195.1,1128.6,284.9
89,5856,195.2,1275.1,321.4
89,5858,195.267,1274.8,308.1
89,5859,195.3,1224.9,280.6
89,5861,195.367,1093.6,228.5
90,6428,214.267,696.3,345.3
90,6429,214.3,680.0,345.0
90,6430,214.333,667.0,345.0
90,6431,214.367,650.0,345.0
90,6432,214.4,642.6,353.8
90,6433,214.433,628.0,356.0
90,6434,214.467,611.7,351.4
90,6435,214.5,597.5,349.0
90,6436,214.533,583.9,345.6
90,6437,214.567,573.8,344.4
90,6438,214.6,564.5,342.5
90,6440,214.667,505.0,309.0
90,6441,214.7,499.0,307.0
91,6471,215.7,502.0,304.0
91,6473,215.767,505.6,308.6
91,6474,215.8,506.1,308.6
91,6475,215.833,506.1,308.6
91,6476,215.867,506.1,308.6
91,6477,215.9,506.1,308.6
91,6478,215.933,506.5,308.5
91,6479,215.967,506.5,308.5
91,6480,216.0,506.4,308.4
91,6481,216.033,506.4,308.4
91,6482,216.067,506.4,308.4
91,6483,216.1,507.8,308.6
91,6484,216.133,507.8,308.6
91,6486,216.2,561.0,255.0
91,6487,216.233,563.5,255.0
91,6489,216.3,618.4,407.0
91,6490,216.333,633.6,398.9
91,6491,216.367,650.0,380.0
91,6493,216.433,671.0,365.0
91,6494,216.467,679.0,366.0
91,6495,216.5,683.9,356.4
91,6496,216.533,688.6,348.9
91,6497,216.567,692.7,341.2
91,6498,216.6,696.0,331.1
91,6499,216.633,706.0,328.5
91,6501,216.7,586.5,394.5
91,6502,216.733,586.5,394.5
91,6503,216.767,586.5,394.5
91,6504,216.8,569.2,393.2
91,6505,216.833,569.2,393.2
91,6506,216.867,569.2,393.2
91,6507,216.9,569.2,393.2
91,6508,216.933,569.2,393.2
91,6509,216.967,569.2,393.2
91,6510,217.0,568.5,393.5
91,6511,217.033,568.5,394.5
91,6513,217.1,560.5,301.5
91,6514,217.133,549.2,315.2
91,6515,217.167,546.0,290.0
91,6516,217.2,555.9,323.2
91,6517,217.233,578.5,255.0
91,6518,217.267,578.5,255.0
91,6519,217.3,578.5,255.0
91,6520,217.333,578.5,255.0
91,6521,217.367,578.0,255.0
91,6522,217.4,589.0,304.0
91,6525,217.5,620.6,333.1
91,6526,217.533,627.9,341.1
91,6527,217.567,622.5,339.5
91,6528,217.6,622.6,340.6
91,6529,217.633,652.0,317.7
91,6530,217.667,660.1,315.9
91,6531,217.7,667.1,316.5
91,6532,217.733,674.8,320.4
91,6534,217.8,683.5,318.5
91,6535,217.833,683.5,318.5
91,6536,217.867,683.5,318.5
91,6537,217.9,683.5,318.5
91,6538,217.933,683.5,318.5
91,6539,217.967,683.5,318.5
91,6540,218.0,733.8,327.5
91,6541,218.033,740.4,329.6
91,6542,218.067,746.4,334.6
91,6543,218.1,752.6,341.6
91,6544,218.133,759.2,353.1
91,6545,218.167,764.7,351.7
91,6546,218.2,773.3,340.9
91,6547,218.233,780.0,336.3
91,6548,218.267,787.3,334.2
91,6549,218.3,794.6,335.2
91,6550,218.333,800.5,338.6
91,6551,218.367,806.7,344.3
91,6552,218.4,812.2,352.0
91,6553,218.433,818.7,355.3
91,6554,218.467,827.2,348.5
91,6555,218.5,834.4,344.4
91,6556,218.533,840.8,340.8
91,6557,218.567,848.2,341.4
91,6558,218.6,857.0,322.0
91,6559,218.633,818.4,310.6
91,6562,218.733,925.5,285.0
92,6575,219.167,561.3,244.7
92,6576,219.2,552.5,226.5
92,6577,219.233,546.0,217.5
92,6578,219.267,538.5,211.9
92,6579,219.3,531.5,207.0
92,6580,219.333,524.9,204.0
92,6581,219.367,519.0,204.8
92,6582,219.4,513.5,207.1
92,6583,219.433,507.6,211.2
92,6584,219.467,502.4,217.4
92,6585,219.5,497.4,226.6
92,6587,219.567,576.5,275.5
92,6588,219.6,576.5,275.5
92,6589,219.633,576.5,275.5
92,6590,219.667,576.3,275.3
92,6591,219.7,576.0,274.0
92,6592,219.733,576.0,274.0
92,6593,219.767,576.0,274.0
93,6627,220.9,282.0,256.0
93,6628,220.933,280.0,258.0
93,6629,220.967,278.0,260.0
93,6630,221.0,277.5,260.8
93,6631,221.033,277.5,263.0
93,6632,221.067,278.0,266.0
93,6633,221.1,279.5,268.4
93,6634,221.133,282.0,271.0
93,6636,221.2,281.5,268.4
94,6686,222.867,788.6,259.3
94,6687,222.9,758.6,252.7
94,6688,222.933,727.3,249.4
94,6691,223.033,597.7,257.5
94,6695,223.167,520.7,274.1
94,6696,223.2,494.5,283.0
94,6697,223.233,460.0,301.0
95,6786,226.2,532.8,245.3
95,6787,226.233,516.4,259.1
95,6788,226.267,508.4,268.0
95,6789,226.3,492.7,286.5
95,6790,226.333,483.5,276.0
96,6808,226.933,677.5,219.5
96,6809,226.967,697.2,231.6
96,6811,227.033,761.9,275.9
96,6812,227.067,790.2,300.7
96,6815,227.167,891.5,323.8
96,6816,227.2,908.0,319.0
97,6848,228.267,1247.4,588.4
97,6849,228.3,1235.5,591.0
97,6850,228.333,1212.5,601.0
97,6853,228.433,1198.9,596.0
97,6854,228.467,1203.3,588.4
97,6855,228.5,1207.4,583.2
97,6856,228.533,1210.2,580.8
97,6857,228.567,1211.8,580.4
97,6858,228.6,1213.8,582.3
97,6859,228.633,1214.5,586.1
97,6860,228.667,1214.2,591.2
97,6861,228.7,1211.7,598.9
98,6869,228.967,1219.6,596.5
98,6870,229.0,1220.3,596.1
98,6871,229.033,1220.8,595.9
98,6872,229.067,1220.5,595.7
98,6873,229.1,1221.4,595.2
98,6874,229.133,1222.2,594.9
98,6875,229.167,1222.1,593.4
98,6876,229.2,1223.3,592.9
98,6877,229.233,1223.3,591.3
98,6878,229.267,1223.0,589.7
98,6879,229.3,1223.2,587.5
98,6880,229.333,1223.2,586.4
98,6881,229.367,1220.1,585.5
98,6882,229.4,1215.0,587.5
99,6953,231.767,948.0,470.5
99,6954,231.8,942.0,446.9
99,6955,231.833,931.1,417.5
99,6956,231.867,921.6,397.6
99,6957,231.9,916.0,366.5
99,6958,231.933,915.5,340.5
99,6960,232.0,929.0,290.0
99,6961,232.033,933.1,278.6
99,6962,232.067,928.4,265.0
99,6963,232.1,927.9,260.4
99,6964,232.133,924.5,259.3
99,6965,232.167,922.8,259.2
99,6966,232.2,920.7,265.4
99,6967,232.233,913.0,276.9
99,6968,232.267,919.0,289.0
100,6994,233.133,636.2,294.5
100,6995,233.167,644.6,289.9
100,6996,233.2,651.1,288.4
100,6997,233.233,656.3,288.4
100,6998,233.267,654.0,288.0
100,6999,233.3,668.5,295.5
100,7000,233.333,675.1,303.0
100,7001,233.367,678.4,308.6
100,7002,233.4,676.0,306.0
100,7003,233.433,689.5,296.2
100,7004,233.467,693.0,293.1
100,7005,233.5,697.7,293.1
100,7006,233.533,701.2,295.1
100,7007,233.567,705.7,299.7
100,7008,233.6,709.5,307.3
100,7009,233.633,712.2,314.3
100,7010,233.667,716.7,307.8
100,7011,233.7,722.1,305.3
100,7012,233.733,725.8,301.0
100,7013,233.767,729.8,301.5
100,7014,233.8,733.0,303.6
100,7015,233.833,737.2,308.6
100,7016,233.867,740.1,316.7
100,7017,233.9,745.1,315.4
100,7018,233.933,748.6,309.4
100,7019,233.967,752.7,307.5
100,7020,234.0,756.5,307.5
100,7021,234.033,760.7,310.8
100,7022,234.067,763.7,314.7
100,7023,234.1,766.2,323.0
100,7024,234.133,765.1,326.6
100,7025,234.167,765.4,327.5
100,7026,234.2,768.3,328.4
100,7027,234.233,783.4,314.0
100,7028,234.267,787.1,317.8
100,7029,234.3,790.4,324.5
100,7030,234.333,791.1,329.2
100,7031,234.367,792.7,330.3
100,7032,234.4,796.5,331.0
100,7033,234.433,807.3,318.9
100,7034,234.467,811.1,322.7
100,7035,234.5,813.8,328.9
100,7036,234.533,815.0,333.0
100,7037,234.567,823.4,322.6
100,7038,234.6,827.2,323.1
100,7039,234.633,830.9,325.7
100,7040,234.667,834.8,330.9
100,7041,234.7,838.6,327.7
100,7042,234.733,842.8,326.5
100,7043,234.767,846.8,327.0
100,7044,234.8,849.9,329.8
100,7045,234.833,851.9,334.9
100,7046,234.867,856.6,331.2
100,7047,234.9,860.7,330.3
100,7048,234.933,864.4,331.7
100,7049,234.967,867.1,336.8
100,7050,235.0,871.2,335.1
100,7051,235.033,874.4,332.5
100,7052,235.067,878.1,333.1
100,7053,235.1,881.6,338.6
100,7054,235.133,885.5,338.7
100,7055,235.167,889.2,334.3
100,7056,235.2,892.1,336.6
100,7057,235.233,895.1,338.8
100,7058,235.267,898.2,337.5
100,7059,235.3,901.9,339.0
100,7060,235.333,906.4,342.8
100,7061,235.367,910.7,343.0
100,7062,235.4,913.0,342.3
100,7063,235.433,917.1,344.8
100,7064,235.467,920.7,344.7
100,7065,235.5,923.9,345.1
100,7066,235.533,926.5,347.5
100,7067,235.567,930.9,347.2
100,7068,235.6,933.4,347.7
100,7069,235.633,936.6,347.3
100,7070,235.667,935.3,347.2
100,7071,235.7,933.6,345.8
100,7072,235.733,931.5,341.5
100,7073,235.767,932.8,340.2
100,7074,235.8,932.0,340.0
100,7075,235.833,946.0,322.5
100,7076,235.867,947.0,319.5
100,7077,235.9,946.0,320.0
100,7078,235.933,949.0,319.0
100,7079,235.967,954.4,318.4
100,7080,236.0,950.5,326.0
100,7081,236.033,961.0,326.0
100,7082,236.067,962.5,334.5
100,7083,236.1,961.0,346.0
100,7084,236.133,988.6,266.4
100,7086,236.2,924.0,304.0
100,7087,236.233,928.0,306.0
100,7088,236.267,919.0,314.0
101,7205,240.167,926.5,466.0
101,7206,240.2,917.7,448.0
101,7208,240.267,898.9,393.1
101,7209,240.3,895.9,365.1
101,7210,240.333,886.0,349.0
101,7212,240.4,909.9,305.6
101,7213,240.433,910.3,291.2
101,7214,240.467,912.0,287.0
101,7215,240.5,910.5,283.0
101,7216,240.533,910.8,273.6
101,7217,240.567,912.4,273.9
101,7218,240.6,916.0,283.1
101,7219,240.633,915.3,293.9
101,7221,240.7,914.0,333.0
102,7254,241.8,624.9,274.4
102,7255,241.833,621.0,272.0
102,7256,241.867,614.3,284.6
102,7258,241.933,601.0,267.2
102,7259,241.967,597.3,261.6
102,7263,242.1,592.5,260.5
102,7264,242.133,592.5,260.5
102,7265,242.167,592.5,260.5
102,7266,242.2,592.5,260.5
102,7267,242.233,592.5,260.5
102,7268,242.267,592.5,260.5
102,7269,242.3,592.5,260.5
102,7270,242.333,587.0,254.5
102,7271,242.367,587.0,254.5
102,7272,242.4,587.0,254.5
102,7273,242.433,587.0,254.5
102,7274,242.467,587.0,254.5
102,7275,242.5,587.0,254.5
102,7276,242.533,587.0,254.5
102,7277,242.567,565.0,250.0
102,7278,242.6,565.6,251.3
102,7279,242.633,565.6,251.3
102,7280,242.667,565.6,251.3
102,7281,242.7,565.6,251.3
102,7282,242.733,565.6,251.3
102,7283,242.767,565.6,251.3
102,7284,242.8,565.6,251.3
102,7285,242.833,565.5,251.5
102,7286,242.867,567.0,253.0
102,7287,242.9,567.0,253.0
102,7288,242.933,567.0,253.0
102,7289,242.967,567.0,253.0
102,7291,243.033,471.1,224.1
103,7342,244.733,327.5,96.5
103,7343,244.767,329.6,92.9
103,7344,244.8,331.5,92.6
103,7345,244.833,333.9,94.4
103,7346,244.867,336.9,97.6
103,7347,244.9,341.0,104.4
103,7348,244.933,344.3,112.5
103,7349,244.967,348.5,122.5
103,7352,245.067,414.0,338.0
103,7353,245.1,414.2,337.8
103,7354,245.133,414.2,337.8
103,7355,245.167,414.2,337.8
103,7356,245.2,415.0,337.7
103,7357,245.233,413.9,337.9
103,7358,245.267,415.0,337.7
103,7359,245.3,414.3,338.5
103,7362,245.4,622.0,321.5
103,7363,245.433,622.4,324.5
103,7364,245.467,621.5,322.5
103,7365,245.5,621.6,323.5
103,7366,245.533,621.5,324.5
103,7367,245.567,621.7,325.7
103,7368,245.6,622.6,329.0
103,7369,245.633,621.1,325.6
103,7370,245.667,620.5,325.1
103,7371,245.7,619.4,321.5
103,7372,245.733,620.1,325.5
103,7373,245.767,618.4,320.5
103,7374,245.8,618.4,320.5
103,7375,245.833,618.0,321.0
103,7376,245.867,618.0,321.0
103,7377,245.9,618.0,321.0
103,7378,245.933,618.0,320.0
103,7379,245.967,619.0,320.0
103,7380,246.0,621.0,321.0
103,7381,246.033,624.0,322.0
103,7382,246.067,628.0,321.0
103,7383,246.1,634.0,319.0
103,7384,246.133,642.4,322.0
103,7385,246.167,651.5,321.5
103,7386,246.2,659.4,303.4
103,7387,246.233,672.6,296.9
103,7388,246.267,684.8,289.1
103,7389,246.3,699.5,292.2
103,7390,246.333,714.8,291.9
103,7391,246.367,730.2,292.9
103,7394,246.467,523.0,277.0
103,7395,246.5,523.0,277.0
103,7396,246.533,523.0,277.0
103,7397,246.567,523.0,277.0
103,7398,246.6,523.0,277.0
103,7399,246.633,523.0,277.0
103,7400,246.667,508.0,281.0
103,7401,246.7,508.0,281.0
103,7402,246.733,508.0,281.0
103,7403,246.767,508.0,281.0
103,7404,246.8,508.0,281.0
103,7405,246.833,508.0,281.0
103,7406,246.867,508.0,281.0
103,7407,246.9,492.5,310.0
103,7408,246.933,492.5,310.0
103,7409,246.967,492.5,310.0
103,7410,247.0,492.5,310.0
103,7411,247.033,492.5,310.0
103,7412,247.067,492.5,310.0
103,7413,247.1,492.5,310.0
103,7414,247.133,492.5,310.0
103,7415,247.167,483.5,301.0
103,7416,247.2,460.5,318.0
103,7417,247.233,451.5,324.7
103,7418,247.267,451.5,324.7
103,7419,247.3,451.5,324.7
103,7420,247.333,451.5,324.7
103,7421,247.367,495.2,317.2
103,7422,247.4,495.1,316.7
103,7423,247.433,495.1,316.7
103,7426,247.533,254.5,196.5
103,7427,247.567,254.5,192.5
103,7428,247.6,248.5,189.5
103,7429,247.633,247.8,189.2
103,7430,247.667,247.7,191.1
103,7431,247.7,247.4,195.4
103,7432,247.733,247.6,201.9
104,7453,248.433,904.0,315.0
104,7454,248.467,930.2,317.0
104,7458,248.6,997.0,323.5
104,7461,248.7,1119.9,239.2
104,7463,248.767,1119.9,239.2
105,7500,250.0,1153.0,211.0
105,7501,250.033,1153.0,211.0
105,7502,250.067,1153.0,211.0
105,7503,250.1,1153.0,211.0
105,7504,250.133,1153.0,211.0
105,7505,250.167,1153.0,211.0
105,7506,250.2,1153.0,211.0
105,7507,250.233,1153.0,211.0
105,7508,250.267,1153.0,211.0
105,7509,250.3,1153.0,211.0
106,7514,250.467,271.5,258.0
106,7515,250.5,269.5,259.0
106,7516,250.533,269.5,260.0
106,7517,250.567,270.5,261.5
106,7518,250.6,267.9,262.4
106,7519,250.633,267.8,262.8
106,7520,250.667,268.3,264.3
106,7521,250.7,269.1,264.9
106,7522,250.733,270.4,265.7
106,7523,250.767,272.1,269.5
106,7524,250.8,274.1,271.4
106,7525,250.833,275.6,272.9
106,7526,250.867,276.1,270.2
107,7533,251.1,248.5,182.5
107,7534,251.133,246.7,176.7
107,7535,251.167,247.0,176.5
107,7536,251.2,241.3,174.4
107,7537,251.233,241.5,174.5
107,7538,251.267,242.4,176.5
108,7602,253.4,1221.7,611.8
108,7603,253.433,1206.1,605.9
108,7604,253.467,1190.6,602.6
108,7606,253.533,1165.2,595.2
108,7607,253.567,1155.1,592.0
108,7608,253.6,1146.5,589.8
109,7663,255.433,732.0,301.0
109,7664,255.467,716.0,295.0
109,7665,255.5,704.5,296.0
109,7666,255.533,693.0,295.5
109,7667,255.567,683.0,296.5
110,7695,256.5,508.5,364.5
110,7696,256.533,508.5,364.5
110,7697,256.567,510.0,366.0
110,7698,256.6,476.7,345.0
110,7699,256.633,476.7,345.0
110,7700,256.667,476.7,345.0
110,7701,256.7,476.7,345.0
110,7702,256.733,451.5,363.5
110,7703,256.767,451.5,363.5
110,7704,256.8,411.2,349.3
110,7705,256.833,411.2,349.3
110,7706,256.867,411.2,349.3
110,7707,256.9,370.0,335.0
110,7708,256.933,366.0,333.9
110,7709,256.967,366.0,333.9
110,7710,257.0,366.0,333.9
110,7711,257.033,364.5,333.0
110,7712,257.067,364.5,333.0
110,7713,257.1,364.5,333.0
110,7714,257.133,364.5,333.0
110,7715,257.167,364.5,333.0
110,7716,257.2,364.5,333.0
110,7717,257.233,364.5,333.0
110,7718,257.267,364.5,333.0
110,7719,257.3,364.5,333.0
110,7720,257.333,368.5,334.6
110,7721,257.367,368.4,334.2
110,7722,257.4,368.5,334.0
110,7723,257.433,369.0,334.5
110,7724,257.467,369.0,334.5
110,7725,257.5,369.0,334.5
110,7726,257.533,369.5,335.0
110,7727,257.567,369.5,335.0
110,7728,257.6,402.6,317.9
110,7729,257.633,402.6,317.7
110,7730,257.667,403.5,317.9
110,7731,257.7,403.1,316.3
110,7732,257.733,403.6,315.7
110,7733,257.767,403.1,316.2
110,7734,257.8,403.1,315.6
110,7735,257.833,403.1,315.6
110,7736,257.867,403.6,315.6
110,7737,257.9,403.6,315.6
110,7738,257.933,405.4,346.7
110,7739,257.967,405.5,347.0
110,7740,258.0,444.0,361.0
110,7741,258.033,444.0,361.0
110,7742,258.067,444.0,361.0
110,7743,258.1,444.0,361.0
110,7744,258.133,444.0,361.0
110,7745,258.167,453.0,362.0
110,7746,258.2,453.0,362.0
110,7747,258.233,453.0,362.0
110,7748,258.267,453.0,362.0
110,7749,258.3,453.0,362.0
110,7750,258.333,408.0,348.6
110,7751,258.367,444.5,350.5
110,7752,258.4,444.5,350.5
110,7753,258.433,445.0,350.5
110,7754,258.467,445.0,350.5
110,7756,258.533,515.6,283.6
110,7757,258.567,516.0,283.6
111,7780,259.333,293.8,249.9
111,7781,259.367,289.5,250.5
111,7782,259.4,286.0,252.0
111,7783,259.433,283.7,252.8
111,7784,259.467,282.6,254.5
111,7785,259.5,280.7,256.7
111,7786,259.533,280.7,258.9
111,7787,259.567,281.7,262.0
111,7788,259.6,282.5,265.1
111,7789,259.633,282.5,266.1
111,7790,259.667,281.3,263.3
112,7796,259.867,263.5,198.5
112,7797,259.9,261.3,194.2
112,7798,259.933,261.1,193.1
112,7799,259.967,261.0,194.5
112,7800,260.0,260.5,195.5
113,7834,261.133,731.1,210.9
113,7835,261.167,715.0,208.0
113,7836,261.2,675.5,208.5
113,7837,261.233,650.2,210.5
113,7841,261.367,544.5,243.0
114,7875,262.5,686.6,278.0
114,7877,262.567,637.1,268.8
114,7878,262.6,611.5,275.0
114,7879,262.633,584.0,275.0
114,7883,262.767,521.6,321.8
114,7884,262.8,509.7,338.7
114,7887,262.9,530.4,330.2
114,7888,262.933,537.3,322.7
114,7889,262.967,545.9,316.4
114,7893,263.1,576.2,323.3
114,7894,263.133,584.0,330.6
114,7895,263.167,593.3,339.5
114,7897,263.233,599.5,373.0
114,7898,263.267,615.4,353.3
115,7905,263.5,666.8,345.1
115,7906,263.533,675.5,355.5
115,7907,263.567,682.5,369.5
115,7908,263.6,690.5,370.5
115,7909,263.633,698.9,361.8
115,7910,263.667,706.3,354.2
115,7911,263.7,713.2,349.5
115,7912,263.733,720.5,347.5
115,7913,263.767,727.3,349.3
115,7914,263.8,734.7,352.7
115,7915,263.833,741.5,358.9
115,7916,263.867,748.7,369.3
115,7917,263.9,754.9,380.5
115,7918,263.933,763.5,377.5
115,7919,263.967,771.4,371.1
115,7920,264.0,778.3,365.1
115,7921,264.033,786.5,363.5
115,7922,264.067,793.4,364.2
115,7923,264.1,800.3,367.6
115,7924,264.133,807.3,373.9
115,7925,264.167,812.6,382.3
115,7926,264.2,819.2,392.0
115,7927,264.233,819.7,389.4
115,7928,264.267,835.0,380.0
115,7929,264.3,835.0,387.5
115,7930,264.333,849.0,394.0
115,7931,264.367,860.4,397.6
115,7932,264.4,869.0,405.0
115,7933,264.433,874.0,402.0
115,7934,264.467,874.5,406.0
115,7935,264.5,876.0,408.0
115,7936,264.533,888.0,390.5
115,7937,264.567,893.0,397.0
115,7938,264.6,898.0,404.5
115,7939,264.633,908.0,398.0
115,7941,264.7,938.0,377.0
115,7944,264.8,849.9,474.9
115,7945,264.833,856.8,483.2
115,7946,264.867,858.8,491.7
115,7947,264.9,859.5,499.0
115,7948,264.933,864.4,505.3
115,7949,264.967,858.5,491.1
115,7950,265.0,857.9,486.1
115,7951,265.033,856.0,483.4
115,7952,265.067,854.9,481.8
115,7953,265.1,853.9,487.0
116,7994,266.467,845.9,610.7
116,7995,266.5,851.6,615.3
116,7996,266.533,857.5,619.3
116,7997,266.567,863.0,623.7
116,7998,266.6,869.8,628.3
117,8029,267.633,1048.2,515.9
117,8030,267.667,1049.3,516.4
117,8031,267.7,1050.7,516.5
117,8032,267.733,1050.8,518.1
117,8033,267.767,1050.8,520.4
117,8034,267.8,1050.2,522.5
117,8035,267.833,1048.7,525.0
117,8036,267.867,1046.1,527.1
117,8037,267.9,1043.9,528.5
117,8038,267.933,1040.4,527.5
117,8040,268.0,1018.7,514.8
117,8041,268.033,1008.7,509.2
117,8042,268.067,999.6,499.6
117,8044,268.133,968.9,468.7
117,8045,268.167,957.6,451.4
117,8046,268.2,940.0,421.2
117,8049,268.3,931.9,357.5
117,8050,268.333,938.5,314.0
117,8053,268.433,942.4,265.4
117,8054,268.467,950.1,262.6
117,8055,268.5,948.3,250.1
117,8056,268.533,948.8,248.3
117,8057,268.567,951.2,251.6
117,8058,268.6,948.6,258.0
117,8060,268.667,938.5,284.0
118,8096,269.867,704.4,233.8
118,8097,269.9,726.0,243.4
118,8098,269.933,763.0,262.6
118,8099,269.967,812.7,296.4
118,8100,270.0,825.0,311.0
119,8158,271.933,996.9,345.5
119,8159,271.967,1030.5,339.5
119,8160,272.0,1087.0,336.0
119,8161,272.033,1143.5,336.0
119,8163,272.1,1200.8,344.4
120,8206,273.533,588.4,291.6
120,8207,273.567,596.4,299.3
120,8210,273.667,660.5,328.6
120,8211,273.7,680.9,314.5
120,8212,273.733,688.6,309.3
120,8213,273.767,712.2,300.2
120,8215,273.833,752.0,291.8
120,8216,273.867,766.7,296.1
120,8217,273.9,784.0,300.6
120,8221,274.033,757.6,293.3
120,8222,274.067,728.0,287.0
120,8224,274.133,803.0,317.0
120,8225,274.167,798.0,323.0
120,8226,274.2,786.5,327.0
120,8227,274.233,787.0,333.0
121,8245,274.833,647.1,237.8
121,8246,274.867,637.8,239.8
121,8247,274.9,624.9,243.1
121,8248,274.933,612.9,247.9
121,8249,274.967,603.1,254.9
122,8303,276.767,722.5,295.8
122,8304,276.8,705.4,294.5
122,8305,276.833,688.8,295.8
122,8306,276.867,674.5,296.5
122,8307,276.9,660.6,292.1
122,8308,276.933,648.7,292.3
122,8309,276.967,639.4,302.9
122,8310,277.0,630.0,301.5
122,8311,277.033,627.0,315.0
123,8333,277.767,503.0,317.0
123,8335,277.833,498.5,316.0
123,8336,277.867,498.1,316.8
123,8340,278.0,502.0,319.0
123,8344,278.133,571.0,339.0
123,8345,278.167,585.5,346.5
123,8346,278.2,590.0,343.0
123,8347,278.233,595.0,340.0
123,8348,278.267,597.2,330.6
123,8349,278.3,606.8,328.9
123,8350,278.333,617.0,327.3
123,8351,278.367,642.0,342.0
123,8353,278.433,541.0,346.0
123,8354,278.467,541.0,346.0
123,8355,278.5,541.0,346.0
123,8356,278.533,541.0,346.0
123,8357,278.567,541.0,346.0
123,8358,278.6,541.0,346.0
123,8359,278.633,541.0,346.0
123,8360,278.667,541.0,346.0
123,8361,278.7,541.0,346.0
123,8362,278.733,541.0,346.0
123,8363,278.767,541.0,346.0
123,8364,278.8,541.0,346.0
123,8365,278.833,541.0,346.0
123,8366,278.867,541.0,346.0
123,8367,278.9,541.0,346.0
123,8368,278.933,541.0,346.0
123,8369,278.967,541.0,346.0
123,8370,279.0,541.0,346.0
123,8371,279.033,541.0,346.0
123,8373,279.1,595.8,198.8
123,8374,279.133,607.3,202.8
123,8375,279.167,619.6,209.3
123,8376,279.2,632.4,218.5
123,8377,279.233,643.6,228.8
123,8378,279.267,655.7,245.0
123,8380,279.333,678.0,273.5
123,8381,279.367,690.5,303.0
123,8383,279.433,715.3,327.4
124,8388,279.6,854.0,396.5
124,8389,279.633,853.0,388.0
124,8390,279.667,850.0,383.5
124,8391,279.7,855.0,387.0
124,8392,279.733,843.0,376.0
124,8393,279.767,839.9,372.6
124,8394,279.8,841.6,367.1
124,8395,279.833,844.2,361.7
124,8396,279.867,851.6,355.6
124,8397,279.9,859.6,345.2
124,8398,279.933,869.8,348.4
124,8399,279.967,882.9,344.3
124,8400,280.0,896.5,350.5
124,8401,280.033,910.5,355.5
124,8402,280.067,922.0,357.0
124,8403,280.1,930.6,363.4
124,8404,280.133,939.0,363.0
124,8405,280.167,947.0,362.0
124,8406,280.2,954.7,355.5
124,8407,280.233,961.0,352.5
124,8408,280.267,968.9,332.4
125,8429,280.967,950.7,312.3
125,8430,281.0,944.6,317.0
125,8431,281.033,939.3,321.2
125,8432,281.067,927.0,322.0
125,8433,281.1,914.0,344.0
125,8434,281.133,901.5,348.5
125,8435,281.167,894.0,346.0
125,8436,281.2,887.1,353.0
125,8437,281.233,880.0,371.0
125,8438,281.267,878.0,367.0
125,8439,281.3,878.0,367.0
125,8440,281.333,876.0,372.0
125,8441,281.367,869.5,393.0
126,8463,282.1,1029.0,360.0
126,8464,282.133,1020.0,362.0
126,8468,282.267,857.0,317.5
126,8470,282.333,896.0,360.0
126,8471,282.367,903.3,360.1
126,8472,282.4,917.0,357.4
126,8473,282.433,935.1,358.1
126,8474,282.467,950.4,362.9
126,8475,282.5,962.0,368.0
126,8476,282.533,995.0,380.0
127,8591,286.367,836.3,300.2
127,8594,286.467,1092.5,287.0
127,8596,286.533,1064.0,274.0
127,8597,286.567,1064.5,271.0
127,8598,286.6,1053.5,266.5
127,8599,286.633,1054.0,264.0
127,8600,286.667,1053.0,262.0
127,8601,286.7,1052.2,260.3
127,8602,286.733,1052.0,260.5
128,8680,289.333,894.0,326.0
128,8681,289.367,906.9,325.0
128,8683,289.433,978.2,328.6
128,8685,289.5,872.1,258.9
128,8688,289.6,772.1,212.5
128,8689,289.633,732.5,200.0
128,8690,289.667,700.9,193.6
129,8736,291.2,653.6,253.5
129,8737,291.233,630.1,255.4
129,8738,291.267,617.9,259.8
129,8741,291.367,555.0,256.5
129,8742,291.4,547.9,246.6
130,8764,292.133,1019.0,467.0
130,8766,292.2,1004.0,294.0
130,8768,292.267,971.0,286.0
130,8770,292.333,964.5,278.0
130,8771,292.367,956.0,276.0
131,8845,294.833,541.3,260.2
131,8849,294.967,583.0,311.0
131,8850,295.0,572.8,297.7
131,8851,295.033,560.5,288.0
131,8852,295.067,555.0,290.0
132,8857,295.233,546.6,288.9
132,8858,295.267,547.4,288.4
132,8859,295.3,546.2,289.2
132,8860,295.333,546.2,289.3
132,8862,295.4,547.0,289.0
132,8864,295.467,497.7,267.4
132,8865,295.5,492.4,264.8
132,8866,295.533,487.4,264.7
132,8867,295.567,483.2,265.4
132,8868,295.6,478.6,263.9
132,8869,295.633,474.3,258.9
132,8870,295.667,468.8,255.3
132,8871,295.7,464.5,254.2
132,8872,295.733,460.6,255.1
132,8873,295.767,456.3,255.1
132,8874,295.8,451.6,250.5
132,8875,295.833,447.6,247.5
132,8876,295.867,443.4,246.6
132,8877,295.9,439.6,247.5
132,8878,295.933,436.0,245.0
132,8879,295.967,431.4,241.6
133,8910,297.0,722.0,295.0
133,8911,297.033,712.0,297.0
133,8912,297.067,678.3,282.9
133,8914,297.133,659.0,290.0
133,8915,297.167,651.5,294.4
134,8964,298.8,544.6,360.9
134,8966,298.867,547.0,357.0
134,8967,298.9,561.3,344.3
134,8968,298.933,568.4,340.9
134,8969,298.967,571.0,336.0
134,8970,299.0,577.0,331.0
134,8971,299.033,586.0,328.0
134,8972,299.067,595.0,323.6
134,8973,299.1,603.8,319.8
134,8974,299.133,629.0,329.0
134,8975,299.167,630.2,315.9
134,8976,299.2,638.5,301.0
134,8977,299.233,679.9,336.0
134,8978,299.267,699.0,339.4
134,8979,299.3,714.3,338.1
134,8980,299.333,731.4,337.4
134,8981,299.367,748.1,337.5
134,8982,299.4,759.0,329.0
134,8983,299.433,778.3,331.5
134,8984,299.467,784.0,319.0
134,8985,299.5,797.5,315.5
134,8986,299.533,819.8,325.7
134,8987,299.567,828.2,317.6
134,8988,299.6,840.5,316.5
134,8989,299.633,851.0,319.0
134,8991,299.7,758.0,451.0
134,8992,299.733,760.0,461.0
134,8993,299.767,762.0,466.0
134,8994,299.8,770.0,451.0
134,8995,299.833,778.0,438.0
134,8996,299.867,782.0,438.0
134,8997,299.9,786.0,440.0
134,8999,299.967,800.0,439.0
134,9000,300.0,821.0,411.0
134,9001,300.033,828.0,416.0
134,9002,300.067,836.0,417.0
134,9003,300.1,844.0,421.0
134,9004,300.133,852.0,422.0
134,9005,300.167,862.0,416.0
134,9006,300.2,870.0,413.0
134,9007,300.233,878.0,404.0
134,9010,300.333,898.0,370.0
134,9011,300.367,902.0,368.0
135,9019,300.633,537.0,186.5
135,9020,300.667,546.0,189.0
135,9021,300.7,554.0,194.0
135,9022,300.733,562.0,200.5
135,9024,300.8,579.5,221.0
135,9025,300.833,586.4,230.1
135,9026,300.867,594.1,245.1
135,9027,300.9,598.0,252.5
136,9048,301.6,548.6,246.6
136,9049,301.633,547.6,245.4
136,9050,301.667,560.0,247.0
136,9051,301.7,583.4,253.6
136,9052,301.733,594.0,255.0
137,9205,306.833,283.0,250.0
137,9206,306.867,279.5,252.0
137,9207,306.9,277.5,254.5
137,9208,306.933,275.5,256.5
137,9209,306.967,272.7,258.7
137,9210,307.0,271.1,260.5
137,9211,307.033,269.7,263.3
137,9212,307.067,269.6,265.1
137,9213,307.1,269.4,266.5
137,9214,307.133,269.7,267.8
137,9215,307.167,270.0,269.4
137,9216,307.2,270.3,269.2
137,9217,307.233,268.1,263.4
138,9224,307.467,248.0,182.5
138,9225,307.5,245.7,177.3
138,9226,307.533,245.5,177.2
138,9227,307.567,245.0,179.7
138,9228,307.6,245.8,183.8
139,9244,308.133,598.5,283.7
139,9245,308.167,596.0,285.4
139,9246,308.2,591.5,289.8
139,9247,308.233,590.2,290.5
139,9248,308.267,591.5,290.0
140,9256,308.533,585.5,272.5
140,9257,308.567,589.1,253.9
140,9258,308.6,590.0,252.5
140,9259,308.633,591.8,248.2
140,9260,308.667,593.5,249.1
140,9261,308.7,594.5,252.1
140,9262,308.733,595.7,254.5
140,9263,308.767,596.9,244.3
140,9264,308.8,598.1,239.4
140,9265,308.833,599.1,236.5
140,9266,308.867,600.1,235.4
140,9267,308.9,601.3,236.7
140,9268,308.933,602.1,239.4
140,9269,308.967,603.6,244.8
140,9270,309.0,604.6,251.2
140,9271,309.033,604.4,256.1
140,9272,309.067,604.3,256.0
140,9273,309.1,604.3,256.0
141,9343,311.433,562.0,363.0
141,9345,311.5,546.4,265.1
141,9346,311.533,548.0,263.0
141,9349,311.633,633.0,317.0
141,9352,311.733,498.0,320.0
142,9371,312.367,625.0,317.0
142,9372,312.4,628.0,317.0
142,9373,312.433,630.0,315.0
142,9374,312.467,634.0,314.0
142,9375,312.5,640.0,314.0
142,9377,312.567,592.5,256.0
142,9378,312.6,650.0,302.0
142,9379,312.633,655.1,298.4
142,9380,312.667,660.0,297.0
142,9381,312.7,674.0,296.5
142,9382,312.733,684.4,295.1
142,9383,312.767,695.5,293.0
142,9384,312.8,709.2,292.5
142,9385,312.833,723.4,291.1
142,9386,312.867,738.0,297.0
142,9387,312.9,691.7,356.1
142,9388,312.933,708.1,351.2
142,9389,312.967,727.8,348.0
142,9390,313.0,748.5,343.8
142,9391,313.033,760.0,329.0
142,9392,313.067,777.0,317.0
142,9393,313.1,796.3,309.1
142,9394,313.133,822.7,318.8
142,9395,313.167,844.0,320.1
142,9397,313.233,771.6,457.5
142,9398,313.267,777.0,458.0
142,9399,313.3,780.9,460.5
142,9400,313.333,788.0,456.0
142,9401,313.367,794.5,454.5
142,9402,313.4,802.0,447.5
142,9403,313.433,809.0,440.6
142,9404,313.467,814.5,436.5
142,9405,313.5,820.0,430.0
142,9406,313.533,822.0,434.0
142,9407,313.567,826.0,436.0
142,9408,313.6,836.0,414.0
142,9409,313.633,840.0,414.0
142,9410,313.667,844.0,414.0
142,9411,313.7,844.0,414.0
142,9412,313.733,866.0,392.0
142,9413,313.767,866.0,392.0
142,9414,313.8,868.0,393.0
142,9415,313.833,872.0,392.0
142,9416,313.867,882.0,376.0
142,9417,313.9,883.0,386.0
142,9418,313.933,889.0,385.0
142,9419,313.967,894.3,389.9
142,9420,314.0,901.0,392.0
142,9421,314.033,906.9,396.5
142,9422,314.067,915.2,393.1
142,9423,314.1,924.0,390.0
142,9424,314.133,935.0,369.0
142,9426,314.2,948.0,352.5
142,9429,314.3,964.0,349.0
143,9534,317.8,916.0,342.0
143,9536,317.867,880.0,372.0
143,9537,317.9,873.0,369.5
143,9538,317.933,860.0,372.0
143,9539,317.967,857.0,370.0
143,9540,318.0,849.5,371.0
143,9541,318.033,841.0,374.0
143,9543,318.1,832.0,378.0
143,9545,318.167,832.0,382.0
143,9548,318.267,828.0,410.0
144,9556,318.533,650.8,155.9
144,9557,318.567,657.2,151.5
144,9558,318.6,663.6,148.6
144,9559,318.633,668.8,148.5
144,9560,318.667,676.2,151.6
144,9561,318.7,682.3,156.5
144,9562,318.733,688.9,163.4
144,9563,318.767,695.0,172.7
144,9564,318.8,701.2,184.9
145,9577,319.233,768.6,254.2
145,9578,319.267,772.7,255.8
145,9580,319.333,779.5,267.0
145,9581,319.367,783.2,277.5
145,9582,319.4,792.0,303.0
145,9583,319.433,789.1,299.6
146,9588,319.6,807.4,355.4
146,9589,319.633,812.5,345.1
146,9590,319.667,817.3,337.7
146,9591,319.7,822.5,332.7
146,9592,319.733,827.4,331.6
146,9593,319.767,832.1,333.4
146,9594,319.8,836.6,338.4
146,9595,319.833,840.5,346.1
146,9596,319.867,844.7,357.6
146,9597,319.9,848.6,369.6
146,9598,319.933,852.6,387.5
146,9602,320.067,867.2,419.9
146,9603,320.1,873.3,411.8
146,9604,320.133,879.4,406.6
146,9607,320.233,893.6,410.6
146,9608,320.267,899.4,419.6
146,9609,320.3,901.1,430.2
146,9610,320.333,906.5,445.4
146,9611,320.367,904.8,458.2
146,9612,320.4,906.9,459.5
146,9613,320.433,911.2,459.5
146,9614,320.467,914.2,460.6
146,9615,320.5,919.4,460.9
146,9616,320.533,918.5,466.0
146,9617,320.567,931.6,466.6
146,9618,320.6,940.5,470.0
146,9619,320.633,950.5,475.0
146,9620,320.667,962.0,480.5
146,9621,320.7,969.9,484.7
146,9622,320.733,980.3,491.5
146,9623,320.767,991.2,497.5
146,9624,320.8,1000.8,505.1
146,9625,320.833,1011.6,510.7
146,9626,320.867,1022.7,516.0
146,9627,320.9,1031.7,521.0
146,9628,320.933,1039.4,524.3
146,9629,320.967,1044.9,527.4
146,9630,321.0,1049.9,529.0
146,9631,321.033,1052.3,530.3
146,9632,321.067,1053.5,530.1
146,9633,321.1,1055.8,529.9
146,9634,321.133,1056.3,530.4
146,9635,321.167,1057.6,530.6
146,9636,321.2,1058.0,531.1
146,9637,321.233,1058.5,531.9
146,9638,321.267,1060.1,533.4
146,9639,321.3,1061.0,533.5
146,9640,321.333,1060.9,535.0
146,9641,321.367,1060.9,536.0
146,9642,321.4,1061.3,536.3
146,9643,321.433,1059.2,537.5
146,9644,321.467,1057.3,538.4
146,9645,321.5,1053.9,539.1
146,9646,321.533,1050.3,538.8
146,9647,321.567,1044.7,535.6
147,9654,321.8,951.7,448.5
147,9655,321.833,939.1,416.6
147,9656,321.867,937.0,400.0
147,9657,321.9,933.0,384.5
147,9658,321.933,930.5,363.0
147,9659,321.967,934.4,320.3
147,9660,322.0,937.0,304.0
147,9661,322.033,937.1,291.4
147,9662,322.067,938.2,284.2
147,9663,322.1,938.1,275.0
147,9664,322.133,939.7,272.6
147,9665,322.167,939.4,272.2
147,9666,322.2,937.7,278.9
147,9667,322.233,935.8,288.7
147,9668,322.267,930.5,298.5
147,9669,322.3,931.9,319.2
148,9855,328.5,651.0,203.0
148,9857,328.567,713.4,230.2
148,9859,328.633,770.8,264.9
148,9860,328.667,817.2,299.7
148,9861,328.7,826.0,308.2
148,9865,328.833,949.3,294.7
148,9867,328.9,999.8,278.5
149,9879,329.3,796.4,219.2
149,9880,329.333,761.2,220.4
149,9881,329.367,725.0,224.0
149,9882,329.4,684.0,233.0
149,9883,329.433,648.6,240.4
149,9884,329.467,603.0,260.1
150,10052,335.067,1258.7,378.8
150,10053,335.1,1259.5,380.2
150,10056,335.2,1067.5,340.0
150,10057,335.233,1098.5,338.0
150,10059,335.3,1113.0,282.0
150,10060,335.333,1095.1,263.9
151,10281,342.7,870.2,316.6
151,10282,342.733,845.5,306.4
151,10284,342.8,760.3,278.8
151,10288,342.933,650.4,272.4
151,10292,343.067,619.3,300.7
151,10293,343.1,627.5,298.0
151,10294,343.133,634.8,293.3
151,10295,343.167,645.5,291.7
151,10296,343.2,650.3,291.4
151,10297,343.233,658.1,294.0
151,10298,343.267,668.4,301.2
151,10299,343.3,675.4,309.0
151,10300,343.333,681.7,315.8
151,10301,343.367,682.8,321.3
151,10302,343.4,685.1,324.6
151,10303,343.433,708.1,307.0
151,10304,343.467,715.4,308.1
151,10305,343.5,723.4,312.9
151,10307,343.567,738.8,329.9
151,10308,343.6,742.4,336.5
151,10309,343.633,747.0,338.4
151,10310,343.667,753.0,340.0
151,10311,343.7,761.5,342.0
151,10312,343.733,772.0,342.0
151,10313,343.767,788.9,336.1
151,10314,343.8,796.9,338.3
151,10315,343.833,805.2,333.5
151,10316,343.867,813.0,332.4
151,10317,343.9,821.6,333.4
151,10318,343.933,829.6,336.9
151,10319,343.967,836.7,342.9
151,10320,344.0,843.7,348.8
151,10321,344.033,852.8,346.4
151,10322,344.067,861.2,343.6
151,10323,344.1,869.2,344.3
151,10324,344.133,877.2,346.4
151,10326,344.2,887.0,351.0
151,10327,344.233,929.8,337.9
151,10328,344.267,935.3,340.9
151,10329,344.3,968.5,348.0
152,10402,346.733,329.0,160.0
152,10403,346.767,326.0,157.0
152,10404,346.8,326.0,155.5
152,10405,346.833,326.8,156.3
152,10406,346.867,327.2,159.9
153,10430,347.667,290.5,258.0
153,10431,347.7,288.2,258.3
153,10432,347.733,286.5,260.5
153,10433,347.767,285.0,262.7
153,10434,347.8,285.9,265.8
153,10435,347.833,285.9,267.5
153,10436,347.867,285.6,269.5
153,10437,347.9,282.5,267.0
154,10446,348.2,247.5,171.5
154,10447,348.233,245.9,170.1
154,10448,348.267,245.5,170.5
154,10449,348.3,242.3,176.6
154,10450,348.333,240.5,181.5
155,10477,349.233,897.2,315.6
155,10479,349.3,811.7,250.3
155,10480,349.333,791.5,239.0
155,10481,349.367,761.5,224.3
155,10482,349.4,732.3,212.5
155,10483,349.433,706.0,204.7
155,10484,349.467,678.3,200.1
155,10485,349.5,652.2,199.6
155,10486,349.533,627.5,200.0
156,10521,350.7,304.0,247.0
156,10522,350.733,299.0,248.0
156,10523,350.767,295.0,248.0
156,10524,350.8,290.1,249.0
156,10525,350.833,286.8,249.7
156,10526,350.867,285.5,252.0
156,10527,350.9,284.1,254.6
156,10528,350.933,284.6,258.4
156,10529,350.967,285.1,261.8
156,10530,351.0,286.5,265.0
156,10531,351.033,286.6,267.4
156,10532,351.067,285.1,266.2
157,10575,352.5,614.6,282.4
157,10576,352.533,603.0,282.0
157,10580,352.667,491.9,297.4
157,10581,352.7,467.7,308.3
157,10582,352.733,451.9,315.1
158,10653,355.1,665.2,199.3
158,10656,355.2,605.0,197.0
158,10657,355.233,586.1,201.3
158,10658,355.267,568.0,209.0
158,10659,355.3,556.0,216.0
158,10660,355.333,541.1,227.7
158,10661,355.367,528.5,239.0
158,10662,355.4,516.4,256.1
158,10663,355.433,507.1,269.5
158,10664,355.467,501.4,269.1
159,10747,358.233,681.0,219.0
159,10748,358.267,697.0,236.7
159,10749,358.3,716.6,259.7
159,10750,358.333,728.0,287.0
159,10754,358.467,821.9,306.1
160,10759,358.633,919.5,249.6
160,10760,358.667,934.7,246.3
160,10761,358.7,954.1,245.7
160,10763,358.767,998.1,257.3
160,10764,358.8,1001.4,257.6
160,10765,358.833,1033.0,274.0
160,10766,358.867,1037.7,289.9
160,10769,358.967,1080.0,244.0
160,10771,359.033,1135.0,176.5
161,10813,360.433,996.0,468.0
161,10814,360.467,1008.0,466.0
161,10818,360.6,777.2,221.7
161,10819,360.633,757.6,212.0
161,10820,360.667,737.8,204.6
161,10821,360.7,719.1,201.0
161,10822,360.733,702.0,199.8
161,10823,360.767,686.5,202.0
161,10824,360.8,673.6,205.8
161,10825,360.833,658.3,214.3
161,10826,360.867,646.8,221.9
161,10827,360.9,635.9,233.0
161,10828,360.933,626.0,245.3
161,10829,360.967,615.9,259.4
161,10831,361.033,602.4,257.7
161,10832,361.067,599.4,231.1
161,10833,361.1,596.5,214.4
161,10834,361.133,593.6,199.5
161,10835,361.167,590.4,185.7
161,10836,361.2,587.7,177.9
161,10837,361.233,584.9,170.6
161,10838,361.267,582.0,165.0
161,10839,361.3,579.3,162.5
161,10840,361.333,577.2,161.6
161,10841,361.367,575.2,163.6
161,10842,361.4,573.5,167.5
161,10843,361.433,571.7,173.3
161,10844,361.467,570.5,180.5
161,10845,361.5,569.4,188.4
162,10903,363.433,738.5,295.5
162,10904,363.467,732.0,299.5
162,10905,363.5,716.8,300.8
162,10906,363.533,710.0,309.0
162,10907,363.567,703.5,317.5
162,10908,363.6,694.4,325.4
162,10909,363.633,688.0,332.0
162,10910,363.667,673.5,334.0
162,10911,363.7,666.0,322.0
162,10912,363.733,662.0,321.0
162,10914,363.8,662.0,324.0
162,10915,363.833,664.0,299.0
162,10918,363.933,479.0,352.0
162,10920,364.0,564.3,378.7
163,10985,366.167,720.0,323.0
163,10988,366.267,716.0,292.5
163,10989,366.3,706.0,291.0
163,10990,366.333,697.0,289.0
163,10992,366.4,680.0,285.0
163,10994,366.467,635.0,308.0
163,10995,366.5,625.6,304.0
163,10997,366.567,630.0,376.0
163,10999,366.633,578.2,276.3
163,11000,366.667,544.0,354.5
163,11001,366.7,544.0,356.5
163,11002,366.733,544.0,356.5
163,11003,366.767,544.0,356.5
163,11004,366.8,564.0,400.0
163,11005,366.833,564.0,400.0
163,11006,366.867,564.0,400.0
163,11007,366.9,564.0,400.0
163,11008,366.933,560.0,400.0
163,11012,367.067,510.0,364.6
164,11017,367.233,950.5,34.5
164,11018,367.267,950.5,34.5
164,11019,367.3,950.5,34.5
164,11020,367.333,950.5,34.5
164,11021,367.367,950.5,34.5
164,11022,367.4,950.5,34.5
164,11023,367.433,950.5,34.5
164,11024,367.467,950.5,34.5
164,11025,367.5,950.5,34.5
164,11026,367.533,950.5,34.5
164,11027,367.567,950.5,34.5
164,11028,367.6,950.5,34.5
164,11029,367.633,950.5,34.5
164,11030,367.667,950.5,34.5
164,11031,367.7,950.5,34.5
165,11081,369.367,511.0,310.0
165,11083,369.433,546.0,354.5
165,11084,369.467,563.8,340.2
165,11085,369.5,571.6,340.8
165,11086,369.533,574.0,332.5
165,11087,369.567,588.7,342.0
165,11088,369.6,596.8,339.6
165,11089,369.633,609.0,339.5
165,11090,369.667,610.8,325.7
165,11091,369.7,639.9,343.2
165,11092,369.733,654.5,343.1
165,11093,369.767,670.0,343.0
165,11094,369.8,678.9,336.6
165,11095,369.833,704.5,349.0
165,11096,369.867,714.4,339.4
165,11097,369.9,731.7,339.0
165,11098,369.933,747.8,337.7
165,11100,370.0,768.9,320.3
165,11101,370.033,786.6,322.8
165,11102,370.067,793.7,313.8
165,11103,370.1,811.5,318.2
165,11104,370.133,817.0,310.0
165,11105,370.167,838.5,321.1
165,11106,370.2,848.0,319.0
165,11110,370.333,561.2,398.4
165,11111,370.367,561.2,398.4
165,11112,370.4,561.2,398.4
165,11113,370.433,561.3,398.4
165,11114,370.467,565.0,400.5
165,11115,370.5,565.0,400.5
165,11116,370.533,565.0,400.5
165,11117,370.567,565.0,400.5
165,11121,370.7,622.5,321.0
165,11122,370.733,650.6,286.5
165,11123,370.767,659.6,267.6
165,11124,370.8,663.0,263.5
165,11125,370.833,676.1,259.4
165,11126,370.867,683.1,259.8
165,11127,370.9,690.6,263.1
165,11131,371.033,716.3,299.7
165,11132,371.067,720.5,312.5
165,11133,371.1,731.0,339.5
166,11139,371.3,778.1,343.9
166,11140,371.333,787.3,339.4
166,11141,371.367,795.2,335.8
166,11142,371.4,804.2,335.9
166,11143,371.433,812.0,339.9
166,11144,371.467,819.5,346.5
166,11145,371.5,827.5,355.5
166,11146,371.533,834.5,368.4
166,11147,371.567,840.3,381.6
166,11148,371.6,846.1,396.9
166,11149,371.633,847.9,393.4
166,11150,371.667,851.0,387.5
166,11151,371.7,856.5,381.1
166,11152,371.733,868.0,376.5
166,11153,371.767,880.0,364.7
166,11154,371.8,895.7,361.2
166,11155,371.833,913.5,359.6
166,11156,371.867,933.8,363.4
166,11157,371.9,950.6,373.3
166,11158,371.933,963.0,389.0
167,11192,373.067,1070.0,503.0
167,11193,373.1,1074.4,500.1
167,11194,373.133,1078.3,496.9
167,11196,373.2,1087.0,490.0
167,11197,373.233,1090.5,488.5
167,11198,373.267,1096.9,487.8
167,11199,373.3,1099.0,485.8
167,11200,373.333,1102.7,485.5
167,11201,373.367,1106.0,486.5
167,11202,373.4,1109.2,487.3
167,11203,373.433,1112.0,489.5
167,11204,373.467,1114.0,492.0
168,11243,374.767,1010.0,524.0
168,11244,374.8,1013.0,525.0
168,11245,374.833,1016.0,527.0
168,11246,374.867,1021.0,533.0
168,11247,374.9,1024.5,534.0
168,11250,375.0,1036.9,541.0
168,11251,375.033,1040.9,543.0
168,11252,375.067,1044.4,545.5
168,11253,375.1,1048.0,547.5
168,11254,375.133,1051.4,548.6
168,11255,375.167,1054.0,550.5
168,11256,375.2,1056.0,552.5
168,11257,375.233,1058.0,554.5
168,11258,375.267,1060.0,556.0
168,11259,375.3,1060.0,557.0
169,11273,375.767,955.0,468.3
169,11274,375.8,946.6,445.5
169,11275,375.833,934.3,412.1
169,11276,375.867,929.5,387.4
169,11277,375.9,924.2,373.4
169,11278,375.933,924.1,351.1
169,11279,375.967,930.0,316.0
169,11280,376.0,933.9,295.5
169,11281,376.033,943.0,290.5
169,11282,376.067,939.6,275.7
169,11283,376.1,936.0,277.0
169,11284,376.133,942.0,267.4
169,11285,376.167,941.2,269.4
169,11286,376.2,937.0,273.0
169,11289,376.3,934.6,317.5
170,11301,376.7,634.4,308.4
170,11305,376.833,539.0,269.0
170,11306,376.867,519.3,258.9
170,11308,376.933,483.1,262.9
170,11309,376.967,469.0,266.0
171,11387,379.567,468.6,305.2
171,11388,379.6,457.7,301.8
171,11389,379.633,444.1,302.9
171,11390,379.667,437.0,306.2
171,11391,379.7,427.9,310.9
171,11392,379.733,419.3,309.3
171,11393,379.767,409.8,302.9
171,11394,379.8,399.0,300.9
171,11395,379.833,389.6,300.5
171,11396,379.867,379.8,302.7
171,11397,379.9,371.5,307.4
171,11398,379.933,363.9,305.9
171,11399,379.967,354.5,301.4
171,11400,380.0,344.8,299.6
171,11401,380.033,336.4,299.5
171,11402,380.067,327.4,302.6
171,11403,380.1,320.2,305.6
171,11404,380.133,310.7,301.7
171,11405,380.167,301.7,298.6
171,11406,380.2,293.1,298.1
171,11407,380.233,285.2,299.5
171,11408,380.267,278.0,302.9
171,11409,380.3,271.0,308.0
171,11412,380.4,255.0,340.0
172,11467,382.233,35.0,267.0
172,11468,382.267,27.4,266.5
172,11469,382.3,31.0,266.5
172,11470,382.333,30.0,267.4
172,11471,382.367,23.3,271.6
172,11472,382.4,20.5,275.3
172,11473,382.433,22.7,281.3
172,11474,382.467,23.0,290.0
173,11479,382.633,614.5,390.1
173,11480,382.667,612.4,390.0
173,11481,382.7,610.8,391.0
173,11482,382.733,610.8,391.0
173,11483,382.767,603.8,398.5
173,11484,382.8,602.0,402.3
173,11485,382.833,600.9,405.6
173,11486,382.867,599.3,410.9
173,11487,382.9,600.0,413.5
174,11492,383.067,14.9,254.4
174,11493,383.1,14.9,255.5
174,11494,383.133,18.5,257.0
174,11495,383.167,19.4,258.4
174,11496,383.2,20.7,259.2
174,11497,383.233,22.1,260.3
174,11498,383.267,24.1,261.2
174,11499,383.3,25.2,262.2
174,11501,383.367,38.4,264.0
174,11502,383.4,42.1,264.1
174,11503,383.433,46.5,264.0
174,11504,383.467,48.2,263.0
174,11506,383.533,44.6,261.6
174,11507,383.567,47.3,261.4
174,11508,383.6,19.4,263.1
174,11509,383.633,26.2,260.7
174,11510,383.667,33.0,260.5
174,11511,383.7,37.5,261.9
174,11512,383.733,35.0,266.5
174,11513,383.767,45.3,268.4
174,11514,383.8,60.0,265.0
174,11515,383.833,61.9,265.6
174,11516,383.867,62.0,266.0
174,11517,383.9,63.0,267.0
174,11518,383.933,64.5,267.0
174,11519,383.967,64.5,267.0
174,11520,384.0,66.0,267.7
174,11521,384.033,66.6,267.4
174,11522,384.067,67.0,267.0
174,11523,384.1,68.0,267.0
174,11524,384.133,69.1,267.4
174,11525,384.167,69.5,267.5
174,11526,384.2,70.0,268.0
174,11527,384.233,70.5,268.0
174,11528,384.267,71.0,268.0
174,11529,384.3,71.5,268.0
174,11530,384.333,72.0,268.0
174,11531,384.367,72.0,268.0
174,11532,384.4,72.5,268.0
174,11533,384.433,72.5,268.0
174,11534,384.467,72.7,268.3
174,11535,384.5,72.9,268.6
174,11536,384.533,72.5,268.5
174,11537,384.567,72.5,268.5
174,11538,384.6,71.2,278.1
174,11539,384.633,72.4,277.7
174,11540,384.667,72.4,277.7
174,11541,384.7,72.4,277.7
174,11542,384.733,72.4,277.7
174,11543,384.767,73.2,278.8
174,11544,384.8,73.3,278.9
174,11545,384.833,73.3,278.9
174,11546,384.867,72.8,278.6
174,11547,384.9,73.0,278.9
174,11548,384.933,73.0,278.9
174,11549,384.967,73.0,278.9
174,11550,385.0,73.1,279.0
174,11551,385.033,73.1,277.0
174,11552,385.067,72.8,277.2
174,11553,385.1,73.5,278.1
174,11554,385.133,71.0,280.0
174,11555,385.167,71.0,280.0
174,11556,385.2,76.5,282.5
174,11557,385.233,76.5,282.5
174,11558,385.267,76.0,282.0
