frame,x_px,y_px,reason
1297,294.5,192.5,paddle hit
1298,292.5,182.5,paddle hit
1313,272.5,170.5,paddle hit
1391,282.5,176.5,paddle hit
1406,282.5,178.5,paddle hit
1480,392.5,210.5,bends up
1482,376.5,224.5,bends up
1535,738.5,360.5,bends up
1540,892.5,348.5,bends up
1542,826.5,300.5,bends up
1578,672.5,242.5,bends up
1635,1024.5,386.5,paddle hit
1687,886.5,436.5,paddle hit
1688,854.5,404.5,paddle hit
1730,856.5,280.5,bends up
2117,872.5,394.5,bends up
2458,378.5,208.5,no fall->rise
2487,928.5,328.5,paddle hit
2520,654.5,288.5,bends up
2535,836.5,290.5,bends up
2585,1010.5,352.5,paddle hit
2586,998.5,350.5,paddle hit
2587,976.5,334.5,bends up
2625,610.5,274.5,bends up
2627,656.5,328.5,bends up
2639,902.5,316.5,paddle hit
2677,778.5,330.5,bends up
2679,822.5,410.5,bends up
2683,924.5,374.5,bends up
2685,828.5,306.5,bends up
2725,210.5,322.5,paddle hit
3703,610.5,294.5,bends up
3787,308.5,216.5,bends up
3793,348.5,208.5,bends up
3959,274.5,272.5,bends up
4001,854.5,272.5,bends up
4045,1114.5,370.5,paddle hit
4046,1086.5,354.5,paddle hit
4048,998.5,300.5,bends up
4084,842.5,292.5,bends up
4112,490.5,220.5,bends up
4115,446.5,248.5,bends up
4116,428.5,232.5,bends up
4196,1022.5,330.5,paddle hit
4240,876.5,332.5,paddle hit
4328,670.5,228.5,no fall->rise
4332,778.5,324.5,bends up
4369,494.5,204.5,bends up
4394,596.5,184.5,no fall->rise
4407,932.5,348.5,paddle hit
4408,914.5,328.5,paddle hit
4409,876.5,300.5,bends up
4454,974.5,440.5,paddle hit
4455,936.5,408.5,paddle hit
4524,124.5,426.5,bends up
4848,824.5,384.5,bends up
4929,782.5,418.5,bends up
4930,814.5,430.5,bends up
4933,892.5,406.5,bends up
4935,792.5,328.5,bends up
4938,672.5,256.5,bends up
4954,388.5,194.5,bends up
4984,1028.5,396.5,paddle hit
5039,1074.5,346.5,paddle hit
5040,1052.5,328.5,paddle hit
5098,926.5,400.5,paddle hit
5099,942.5,418.5,paddle hit
5100,926.5,402.5,paddle hit
5162,848.5,214.5,bends up
5196,690.5,256.5,bends up
5571,848.5,440.5,bends up
5573,758.5,426.5,bends up
5574,716.5,400.5,bends up
5611,908.5,388.5,paddle hit
5624,408.5,264.5,bends up
5713,1046.5,354.5,paddle hit
5714,1010.5,322.5,paddle hit
5997,496.5,264.5,bends up
6320,596.5,280.5,bends up
6343,710.5,348.5,no fall->rise
6502,276.5,250.5,bends up
6652,430.5,160.5,bends up
6676,126.5,192.5,paddle hit
6677,152.5,194.5,paddle hit
7134,628.5,324.5,bends up
7137,678.5,370.5,bends up
7185,1014.5,280.5,no fall->rise
8546,752.5,250.5,bends up
8584,336.5,192.5,no fall->rise
8590,624.5,272.5,bends up
8688,386.5,184.5,paddle hit
8741,378.5,168.5,paddle hit
8765,734.5,290.5,bends up
8767,676.5,252.5,no fall->rise
8912,480.5,260.5,bends up
8981,738.5,416.5,bends up
9301,248.5,168.5,no fall->rise
9311,246.5,214.5,bends up
9370,930.5,418.5,no fall->rise
9641,268.5,248.5,bends up
9658,262.5,248.5,bends up
9723,888.5,406.5,paddle hit
9725,834.5,366.5,bends up
9728,708.5,292.5,bends up
9771,930.5,308.5,paddle hit
9809,828.5,416.5,bends up
9813,944.5,390.5,bends up
9816,850.5,294.5,bends up
9881,506.5,242.5,bends up
9938,332.5,174.5,paddle hit
9960,998.5,346.5,bends up
10005,1238.5,320.5,paddle hit
10111,944.5,342.5,paddle hit
10152,852.5,282.5,no fall->rise
10174,286.5,212.5,paddle hit
10965,940.5,384.5,paddle hit
11010,1030.5,354.5,paddle hit
11011,998.5,328.5,paddle hit
11028,462.5,254.5,bends up
11030,448.5,270.5,bends up
11031,434.5,276.5,bends up
11106,834.5,302.5,bends up
11137,674.5,254.5,bends up
11149,1028.5,360.5,paddle hit
11253,942.5,344.5,paddle hit
11254,928.5,338.5,paddle hit
11256,850.5,284.5,bends up
11325,246.5,188.5,paddle hit
11341,840.5,284.5,bends up
11601,818.5,296.5,bends up
11603,858.5,316.5,bends up
11605,884.5,282.5,bends up
11632,926.5,218.5,paddle hit
11633,934.5,206.5,paddle hit
11635,952.5,170.5,bends up
11806,768.5,432.5,bends up
11927,688.5,266.5,bends up
11977,676.5,258.5,bends up
12034,1042.5,390.5,paddle hit
12038,854.5,270.5,bends up
12082,992.5,348.5,paddle hit
12168,924.5,310.5,paddle hit
12169,898.5,288.5,paddle hit
12623,274.5,268.5,bends up
12673,536.5,258.5,bends up
12691,752.5,388.5,bends up
12695,920.5,410.5,bends up
12696,914.5,400.5,paddle hit
12771,558.5,230.5,no fall->rise
12820,786.5,288.5,bends up
12932,694.5,388.5,no fall->rise
12980,684.5,290.5,bends up
12992,904.5,314.5,paddle hit
12993,898.5,312.5,paddle hit
12995,838.5,284.5,bends up
13773,798.5,262.5,no fall->rise
13825,310.5,202.5,paddle hit
13838,348.5,282.5,paddle hit
13839,358.5,280.5,paddle hit
13859,514.5,326.5,bends up
13910,814.5,346.5,no fall->rise
14006,782.5,360.5,bends up
14076,424.5,244.5,bends up
14078,404.5,250.5,bends up
14100,670.5,218.5,bends up
14102,734.5,280.5,bends up
14150,376.5,186.5,paddle hit
14161,534.5,296.5,bends up
14163,540.5,328.5,paddle hit
14164,530.5,322.5,paddle hit
14427,646.5,368.5,bends up
14428,674.5,380.5,bends up
14460,678.5,258.5,bends up
14471,964.5,312.5,paddle hit
14611,834.5,300.5,bends up
14621,946.5,260.5,bends up
14708,996.5,304.5,paddle hit
14751,82.5,390.5,paddle hit
15324,168.5,282.5,bends up
15343,120.5,218.5,paddle hit
