track,t_s,from_m,to_m,dist_m,dt_s,speed_kmh
22,51.24,"0.87,0.34","2.01,0.29",1.14,0.668,6.1
34,78.92,"0.31,0.99","2.13,0.23",1.97,0.399,17.8
42,90.37,"0.25,1.00","2.22,0.58",2.02,0.315,23.0
42,90.69,"2.22,0.58","0.73,0.74",1.5,0.832,6.5
42,91.52,"0.73,0.74","1.82,0.60",1.09,0.816,4.8
42,92.34,"1.82,0.60","0.87,0.33",0.98,0.826,4.3
42,93.16,"0.87,0.33","1.85,0.64",1.03,0.705,5.2
44,101.6,"2.43,1.08","0.50,0.44",2.04,0.448,16.4
47,113.85,"0.58,0.26","2.59,0.81",2.09,0.755,9.9
47,114.6,"2.59,0.81","0.64,0.48",1.97,0.626,11.3
50,125.5,"0.92,0.60","2.03,0.16",1.19,0.606,7.1
50,127.97,"2.53,1.28","0.90,0.95",1.67,1.086,5.5
52,131.66,"0.37,0.95","2.06,0.21",1.84,0.402,16.5
52,132.07,"2.06,0.21","0.79,0.32",1.27,0.834,5.5
56,147.32,"2.28,0.79","1.03,0.26",1.36,0.445,11.0
56,147.76,"1.03,0.26","1.95,0.23",0.92,0.678,4.9
56,148.44,"1.95,0.23","0.62,0.86",1.47,0.691,7.6
59,155.63,"2.66,0.94","0.37,1.04",2.29,0.461,17.9
62,167.97,"0.27,1.02","2.19,0.39",2.02,0.467,15.5
62,168.43,"2.19,0.39","0.38,0.22",1.82,0.742,8.8
73,180.27,"0.52,0.09","2.34,0.45",1.85,0.698,9.5
73,182.66,"2.13,0.93","0.76,0.88",1.37,0.636,7.7
73,183.3,"0.76,0.88","2.36,0.67",1.61,0.857,6.8
79,194.29,"0.34,0.49","1.92,0.44",1.58,0.68,8.4
83,200.38,"0.83,0.50","2.18,0.45",1.35,0.817,6.0
87,209.14,"0.91,0.38","2.58,0.01",1.71,0.797,7.7
87,209.93,"2.58,0.01","0.57,0.92",2.21,0.539,14.7
87,210.47,"0.57,0.92","2.34,1.06",1.78,0.71,9.0
91,220.36,"0.49,0.22","2.19,0.56",1.73,0.644,9.7
91,221.0,"2.19,0.56","0.68,0.23",1.54,0.829,6.7
94,231.3,"0.64,0.33","1.80,0.60",1.19,0.635,6.7
97,242.07,"0.03,0.84","2.29,0.15",2.37,0.764,11.1
97,242.84,"2.29,0.15","0.54,0.36",1.76,0.981,6.5
100,250.77,"2.64,1.18","0.40,0.51",2.33,0.464,18.1
100,251.23,"0.40,0.51","2.47,0.57",2.07,0.631,11.8
100,251.86,"2.47,0.57","0.31,0.48",2.16,0.696,11.2
100,252.56,"0.31,0.48","2.01,0.46",1.69,0.575,10.6
100,253.13,"2.01,0.46","0.77,0.38",1.25,0.843,5.3
100,253.98,"0.77,0.38","2.55,1.00",1.89,0.698,9.7
100,254.67,"2.55,1.00","0.55,0.67",2.02,0.913,8.0
100,258.94,"0.82,0.01","2.12,0.70",1.47,0.736,7.2
103,268.8,"2.25,0.68","0.84,0.68",1.41,0.684,7.4
103,272.65,"0.21,0.38","2.37,0.84",2.2,0.664,12.0
103,273.31,"2.37,0.84","0.59,0.48",1.82,1.03,6.4
