frame,x_px,y_px,score
1,588.5,536.5,0.755
8,980.5,78.5,0.985
10,364.5,124.5,0.834
33,844.5,682.5,0.677
39,888.5,472.5,0.974
43,314.5,92.5,0.509
45,320.5,132.5,0.957
46,326.5,150.5,0.987
47,724.5,714.5,0.987
48,738.5,712.5,0.991
49,752.5,712.5,0.995
51,812.5,300.5,0.995
52,814.5,290.5,0.995
53,818.5,274.5,0.995
54,820.5,268.5,0.997
55,822.5,262.5,0.996
56,826.5,262.5,0.997
57,828.5,268.5,0.998
58,828.5,274.5,0.998
59,828.5,288.5,0.989
60,832.5,272.5,0.963
61,838.5,268.5,0.97
62,226.5,238.5,0.83
66,168.5,606.5,0.655
67,680.5,288.5,0.84
69,198.5,236.5,0.661
76,858.5,260.5,0.997
77,862.5,252.5,0.997
78,862.5,244.5,0.994
79,864.5,240.5,0.989
82,870.5,248.5,0.991
125,354.5,212.5,0.626
127,348.5,216.5,0.978
128,344.5,218.5,0.989
130,340.5,222.5,0.73
132,324.5,226.5,0.875
136,306.5,232.5,0.853
151,320.5,218.5,0.715
152,324.5,216.5,0.577
154,328.5,214.5,0.925
161,1054.5,292.5,0.994
167,1048.5,264.5,0.989
168,1022.5,268.5,0.833
171,862.5,312.5,0.992
172,802.5,340.5,0.995
173,764.5,326.5,0.996
174,726.5,302.5,0.992
175,686.5,284.5,0.997
176,642.5,270.5,0.997
177,618.5,264.5,0.992
178,578.5,256.5,0.983
179,552.5,250.5,0.99
180,514.5,252.5,0.997
181,482.5,252.5,0.996
182,450.5,258.5,0.996
183,426.5,264.5,0.995
184,396.5,274.5,0.994
185,372.5,282.5,0.992
187,326.5,280.5,0.991
189,284.5,258.5,0.985
190,258.5,250.5,0.996
192,220.5,244.5,0.5
193,206.5,242.5,0.989
196,204.5,226.5,0.988
197,272.5,222.5,0.992
198,310.5,214.5,0.984
199,360.5,214.5,0.944
200,356.5,214.5,0.86
201,394.5,212.5,0.995
202,430.5,212.5,0.997
203,476.5,224.5,0.999
204,510.5,230.5,0.994
205,548.5,244.5,0.997
206,584.5,258.5,0.973
207,624.5,276.5,0.998
208,656.5,292.5,0.979
209,698.5,322.5,0.996
210,730.5,338.5,0.995
211,758.5,320.5,0.995
212,804.5,302.5,0.998
213,828.5,296.5,0.998
214,864.5,288.5,0.995
215,894.5,282.5,0.998
216,926.5,280.5,0.998
217,954.5,282.5,0.997
218,996.5,288.5,0.993
219,940.5,272.5,0.997
220,892.5,260.5,0.996
221,834.5,252.5,0.999
222,782.5,244.5,0.999
223,734.5,240.5,0.998
224,686.5,238.5,0.999
225,640.5,236.5,0.998
226,602.5,238.5,0.999
227,564.5,242.5,0.993
228,526.5,248.5,0.992
229,494.5,254.5,0.997
230,460.5,262.5,0.997
231,426.5,264.5,0.993
232,396.5,250.5,0.996
233,370.5,236.5,0.995
234,342.5,226.5,0.991
235,318.5,216.5,0.994
237,310.5,206.5,0.906
238,332.5,202.5,0.992
239,364.5,204.5,0.997
240,394.5,206.5,0.998
241,424.5,210.5,0.997
242,458.5,218.5,0.997
243,490.5,228.5,0.996
244,520.5,240.5,0.994
245,566.5,258.5,0.996
246,594.5,272.5,0.99
247,620.5,290.5,0.993
248,656.5,326.5,0.984
249,694.5,348.5,0.997
250,728.5,374.5,0.994
251,754.5,376.5,0.978
252,794.5,370.5,0.995
253,828.5,368.5,0.999
254,860.5,370.5,0.998
255,900.5,376.5,0.978
256,860.5,348.5,0.993
257,832.5,336.5,0.999
258,800.5,322.5,0.995
259,762.5,308.5,0.997
260,732.5,300.5,0.998
261,698.5,292.5,0.995
262,678.5,292.5,0.998
263,650.5,292.5,0.993
264,626.5,296.5,0.995
265,594.5,302.5,0.988
266,576.5,306.5,0.996
267,570.5,316.5,0.998
268,576.5,314.5,0.997
269,582.5,310.5,0.998
270,588.5,308.5,0.997
271,594.5,308.5,0.997
272,600.5,312.5,0.997
273,606.5,320.5,0.904
274,610.5,326.5,0.998
275,618.5,326.5,0.998
276,620.5,320.5,0.998
277,626.5,320.5,0.997
278,632.5,320.5,0.998
279,640.5,324.5,0.997
280,644.5,330.5,0.997
281,648.5,338.5,0.996
282,654.5,332.5,0.996
283,660.5,330.5,0.998
284,666.5,330.5,0.998
285,672.5,334.5,0.998
286,676.5,338.5,0.998
287,682.5,346.5,0.997
288,688.5,342.5,0.997
289,692.5,340.5,0.998
290,698.5,340.5,0.999
291,704.5,342.5,0.998
292,710.5,348.5,0.999
293,714.5,354.5,0.998
294,720.5,350.5,0.998
295,722.5,348.5,0.999
296,730.5,350.5,0.998
297,734.5,352.5,0.998
298,738.5,360.5,0.998
299,744.5,360.5,0.996
300,750.5,358.5,0.998
301,754.5,358.5,0.999
302,760.5,360.5,0.999
303,764.5,364.5,0.998
304,770.5,368.5,0.999
305,774.5,366.5,0.999
306,780.5,366.5,0.999
307,786.5,368.5,0.999
308,790.5,376.5,0.997
309,794.5,376.5,0.998
310,800.5,374.5,0.997
311,806.5,376.5,0.998
312,810.5,378.5,0.998
313,814.5,384.5,0.996
314,820.5,384.5,0.999
315,824.5,382.5,0.998
316,830.5,384.5,0.998
317,834.5,390.5,0.998
318,840.5,392.5,0.998
319,844.5,390.5,0.999
320,852.5,390.5,0.998
321,852.5,386.5,0.999
322,852.5,384.5,0.999
323,852.5,382.5,0.999
324,850.5,380.5,0.999
325,852.5,380.5,0.998
326,852.5,382.5,0.999
327,854.5,384.5,0.998
328,854.5,386.5,0.998
329,856.5,388.5,0.998
330,858.5,392.5,0.998
331,858.5,392.5,0.998
332,860.5,394.5,0.996
333,862.5,396.5,0.998
334,864.5,396.5,0.997
335,864.5,396.5,0.994
336,864.5,398.5,0.996
337,864.5,400.5,0.997
338,864.5,400.5,0.998
339,864.5,402.5,0.997
340,864.5,402.5,0.994
341,864.5,402.5,0.995
342,862.5,402.5,0.993
343,864.5,402.5,0.994
344,864.5,402.5,0.993
345,864.5,402.5,0.994
346,866.5,400.5,0.994
347,866.5,398.5,0.993
348,870.5,396.5,0.996
349,872.5,392.5,0.989
350,876.5,388.5,0.998
351,880.5,384.5,0.997
360,964.5,368.5,0.995
386,324.5,232.5,0.988
388,338.5,230.5,0.76
390,344.5,218.5,0.756
391,342.5,222.5,0.943
392,340.5,218.5,0.836
394,1066.5,294.5,0.996
395,328.5,216.5,0.801
396,1064.5,286.5,0.992
398,320.5,218.5,0.987
400,880.5,314.5,0.983
401,818.5,334.5,0.987
402,778.5,324.5,0.988
403,702.5,328.5,0.787
404,688.5,286.5,0.996
405,632.5,274.5,0.997
406,690.5,284.5,0.992
407,562.5,264.5,0.997
408,526.5,260.5,0.991
409,490.5,262.5,0.997
410,454.5,268.5,0.997
411,422.5,274.5,0.992
412,394.5,280.5,0.994
413,364.5,290.5,0.841
414,334.5,274.5,0.991
415,302.5,262.5,0.995
416,276.5,254.5,0.819
417,252.5,250.5,0.988
421,196.5,240.5,0.994
423,272.5,226.5,0.996
424,306.5,222.5,0.998
425,352.5,224.5,0.985
426,382.5,224.5,0.998
427,420.5,230.5,0.992
428,460.5,240.5,0.996
429,494.5,248.5,0.996
430,540.5,264.5,0.994
431,564.5,278.5,0.992
432,620.5,310.5,0.994
433,650.5,328.5,0.972
434,694.5,370.5,0.989
435,722.5,362.5,0.992
436,766.5,346.5,0.998
437,798.5,338.5,0.996
438,838.5,328.5,0.996
439,884.5,324.5,0.986
440,914.5,324.5,0.998
441,958.5,326.5,0.996
442,994.5,334.5,0.994
445,1018.5,312.5,0.983
446,1000.5,300.5,0.972
447,916.5,252.5,0.997
448,866.5,226.5,0.995
449,814.5,198.5,0.994
450,764.5,178.5,0.996
451,720.5,162.5,0.995
452,684.5,150.5,0.993
453,632.5,140.5,0.994
454,592.5,134.5,0.996
455,558.5,130.5,0.998
456,518.5,130.5,0.993
457,482.5,132.5,0.994
458,450.5,136.5,0.998
459,420.5,142.5,0.991
460,396.5,150.5,0.996
461,364.5,162.5,0.999
462,338.5,174.5,0.998
463,310.5,192.5,0.975
464,294.5,204.5,0.994
465,270.5,222.5,0.994
466,246.5,244.5,0.557
467,232.5,258.5,0.978
468,212.5,282.5,0.992
469,202.5,298.5,0.942
470,184.5,322.5,0.996
471,170.5,344.5,0.996
472,158.5,366.5,0.993
474,134.5,404.5,0.991
475,122.5,394.5,0.997
476,110.5,378.5,0.996
477,96.5,368.5,0.994
478,84.5,356.5,0.996
479,74.5,348.5,0.995
480,484.5,266.5,0.829
481,58.5,340.5,0.987
486,100.5,380.5,0.988
487,102.5,362.5,0.994
488,108.5,346.5,0.996
489,114.5,330.5,0.991
490,118.5,314.5,0.986
491,202.5,276.5,0.987
510,210.5,256.5,0.991
511,218.5,254.5,0.949
517,274.5,238.5,0.985
520,292.5,214.5,0.937
522,308.5,202.5,0.994
523,320.5,202.5,0.992
524,330.5,202.5,0.847
525,342.5,204.5,0.987
526,352.5,206.5,0.78
527,362.5,206.5,0.988
528,370.5,210.5,0.885
530,384.5,216.5,0.983
531,390.5,216.5,0.661
532,396.5,216.5,0.678
533,398.5,224.5,0.983
534,400.5,224.5,0.982
535,402.5,226.5,0.987
536,406.5,226.5,0.579
587,392.5,226.5,0.851
589,378.5,226.5,0.976
590,372.5,226.5,0.991
591,368.5,226.5,0.99
592,362.5,226.5,0.995
593,358.5,226.5,0.991
594,354.5,228.5,0.991
595,350.5,230.5,0.988
596,346.5,226.5,0.982
598,340.5,232.5,0.987
599,366.5,352.5,0.725
601,324.5,234.5,0.53
602,324.5,236.5,0.986
604,314.5,244.5,0.993
606,306.5,246.5,0.993
607,300.5,246.5,0.992
608,296.5,250.5,0.996
609,294.5,252.5,0.997
610,290.5,252.5,0.996
611,286.5,252.5,0.996
612,284.5,254.5,0.997
613,282.5,256.5,0.996
614,280.5,256.5,0.997
615,282.5,260.5,0.996
616,282.5,262.5,0.997
617,282.5,264.5,0.997
618,282.5,264.5,0.996
619,282.5,266.5,0.993
620,282.5,262.5,0.991
621,278.5,256.5,0.997
622,276.5,244.5,0.995
623,268.5,222.5,0.983
625,262.5,200.5,0.994
626,260.5,194.5,0.996
627,256.5,184.5,0.995
628,254.5,182.5,0.997
629,252.5,180.5,0.995
630,252.5,180.5,0.996
631,250.5,182.5,0.998
632,250.5,190.5,0.997
633,250.5,196.5,0.994
634,252.5,208.5,0.996
635,250.5,216.5,0.994
636,254.5,232.5,0.998
637,268.5,244.5,0.992
638,262.5,238.5,0.988
639,318.5,274.5,0.991
641,382.5,266.5,0.994
642,412.5,262.5,0.991
643,446.5,260.5,0.996
644,480.5,260.5,0.997
645,510.5,266.5,0.991
646,554.5,272.5,0.997
647,596.5,286.5,0.996
648,622.5,294.5,0.992
649,658.5,308.5,0.998
650,698.5,332.5,0.996
651,730.5,354.5,0.996
652,768.5,356.5,0.998
653,798.5,346.5,0.996
654,830.5,342.5,0.999
655,864.5,342.5,0.998
656,878.5,340.5,0.522
657,882.5,318.5,0.999
658,862.5,300.5,0.998
659,830.5,272.5,0.999
660,802.5,254.5,0.998
661,780.5,240.5,0.992
662,758.5,228.5,0.998
663,732.5,218.5,0.995
664,714.5,212.5,0.994
665,690.5,210.5,0.996
666,672.5,208.5,0.997
667,646.5,210.5,0.998
668,630.5,216.5,0.996
669,612.5,222.5,0.994
670,596.5,230.5,0.994
671,582.5,240.5,0.998
672,566.5,252.5,0.998
673,554.5,262.5,0.999
674,538.5,276.5,0.997
675,528.5,258.5,0.994
676,516.5,240.5,0.998
677,508.5,226.5,0.997
678,498.5,212.5,0.997
679,488.5,202.5,0.996
680,480.5,194.5,0.995
681,472.5,188.5,0.999
682,462.5,184.5,0.996
683,430.5,194.5,0.762
684,508.5,212.5,0.99
685,536.5,230.5,0.995
686,558.5,246.5,0.995
687,592.5,272.5,0.991
688,620.5,300.5,0.993
689,650.5,330.5,0.986
690,684.5,374.5,0.993
691,708.5,378.5,0.993
692,466.5,188.5,0.993
693,782.5,384.5,0.996
694,812.5,390.5,0.993
695,844.5,404.5,0.994
696,438.5,178.5,0.991
697,802.5,356.5,0.989
698,756.5,324.5,0.996
700,678.5,274.5,0.994
701,642.5,254.5,0.999
702,614.5,242.5,0.997
703,586.5,228.5,0.995
704,564.5,224.5,0.995
705,540.5,220.5,0.989
706,520.5,218.5,0.992
707,502.5,220.5,0.996
708,486.5,224.5,0.997
709,474.5,228.5,0.997
710,458.5,234.5,0.998
711,450.5,244.5,0.998
712,440.5,236.5,0.995
713,428.5,214.5,0.994
714,422.5,202.5,0.996
715,412.5,184.5,0.997
716,408.5,174.5,0.993
717,396.5,166.5,0.963
718,406.5,160.5,0.989
719,414.5,154.5,0.958
720,448.5,158.5,0.996
721,468.5,160.5,0.994
722,488.5,164.5,0.992
723,516.5,172.5,0.992
724,544.5,182.5,0.997
725,570.5,194.5,0.993
726,596.5,210.5,0.996
727,626.5,226.5,0.998
728,650.5,244.5,0.997
729,684.5,270.5,0.997
730,714.5,298.5,0.984
731,740.5,324.5,0.992
732,776.5,366.5,0.993
733,804.5,364.5,0.994
734,836.5,358.5,0.997
735,868.5,354.5,0.996
736,904.5,352.5,0.997
737,1098.5,228.5,0.979
738,886.5,322.5,0.998
739,836.5,304.5,0.997
740,786.5,288.5,0.999
741,738.5,272.5,0.998
742,690.5,260.5,0.998
743,642.5,254.5,0.999
744,604.5,250.5,0.996
745,572.5,250.5,0.993
746,532.5,250.5,0.997
747,502.5,254.5,0.996
748,466.5,260.5,0.996
749,438.5,268.5,0.994
750,414.5,278.5,0.996
751,388.5,288.5,0.997
752,362.5,264.5,0.989
753,342.5,252.5,0.986
754,322.5,236.5,0.995
755,300.5,222.5,0.996
756,278.5,212.5,0.988
758,120.5,232.5,0.743
759,232.5,204.5,0.995
760,210.5,206.5,0.985
761,196.5,208.5,0.992
762,218.5,192.5,0.811
763,232.5,178.5,0.927
765,410.5,202.5,0.995
766,470.5,208.5,0.996
767,516.5,216.5,0.985
768,578.5,230.5,0.996
769,636.5,244.5,0.988
770,690.5,266.5,0.994
771,752.5,290.5,0.998
773,866.5,350.5,0.987
774,932.5,330.5,0.994
775,986.5,320.5,0.999
776,1034.5,312.5,0.973
778,1002.5,268.5,0.996
779,944.5,242.5,0.999
780,898.5,224.5,0.998
781,846.5,206.5,0.995
782,284.5,122.5,0.994
783,754.5,180.5,0.997
784,710.5,172.5,0.997
785,672.5,164.5,0.995
786,626.5,162.5,0.997
787,588.5,162.5,0.997
788,556.5,162.5,0.994
789,514.5,166.5,0.986
790,480.5,172.5,0.998
791,448.5,180.5,0.999
792,418.5,190.5,0.998
793,392.5,202.5,0.995
794,364.5,214.5,0.964
795,338.5,228.5,0.985
796,306.5,244.5,0.963
797,288.5,260.5,0.989
798,264.5,278.5,0.691
799,232.5,308.5,0.991
800,206.5,210.5,0.946
801,194.5,344.5,0.58
802,184.5,362.5,0.897
803,170.5,382.5,0.986
805,130.5,428.5,0.992
806,116.5,418.5,0.994
807,104.5,402.5,0.988
808,92.5,392.5,0.997
809,82.5,384.5,0.994
810,70.5,376.5,0.995
811,60.5,372.5,0.992
813,226.5,272.5,0.989
814,1004.5,362.5,0.975
815,1012.5,374.5,0.986
816,76.5,412.5,0.986
819,188.5,296.5,0.932
820,180.5,296.5,0.923
821,174.5,298.5,0.804
822,102.5,346.5,0.987
864,144.5,184.5,0.989
865,144.5,174.5,0.964
868,166.5,140.5,0.737
869,180.5,138.5,0.789
870,188.5,146.5,0.901
871,202.5,158.5,0.845
875,222.5,136.5,0.98
876,222.5,122.5,0.988
879,246.5,128.5,0.99
880,252.5,140.5,0.99
889,286.5,136.5,0.992
890,270.5,366.5,0.98
892,300.5,362.5,0.815
894,234.5,216.5,0.983
895,240.5,212.5,0.995
896,320.5,178.5,0.99
897,940.5,356.5,0.986
900,278.5,198.5,0.976
906,290.5,330.5,0.821
907,300.5,322.5,0.944
908,340.5,224.5,0.944
917,1060.5,416.5,0.964
925,350.5,190.5,0.697
929,354.5,176.5,0.976
968,428.5,216.5,0.992
969,422.5,212.5,0.992
973,406.5,208.5,0.993
974,402.5,208.5,0.525
975,398.5,210.5,0.958
976,392.5,212.5,0.95
981,360.5,228.5,0.989
982,352.5,230.5,0.987
983,346.5,232.5,0.989
984,338.5,234.5,0.99
985,332.5,236.5,0.992
986,326.5,240.5,0.994
987,318.5,240.5,0.995
988,314.5,240.5,0.993
989,306.5,240.5,0.996
990,302.5,242.5,0.997
991,298.5,242.5,0.997
992,292.5,244.5,0.998
993,288.5,244.5,0.998
994,286.5,246.5,0.998
995,282.5,248.5,0.996
996,280.5,250.5,0.996
997,280.5,252.5,0.996
998,278.5,252.5,0.998
999,278.5,254.5,0.995
1000,278.5,256.5,0.992
1001,280.5,258.5,0.994
1002,280.5,260.5,0.994
1003,280.5,262.5,0.995
1004,280.5,262.5,0.997
1005,278.5,256.5,0.998
1006,272.5,244.5,0.998
1007,270.5,232.5,0.999
1008,264.5,220.5,0.994
1009,260.5,204.5,0.995
1010,256.5,194.5,0.996
1011,254.5,182.5,0.998
1012,250.5,178.5,0.999
1013,250.5,174.5,0.998
1014,246.5,172.5,0.995
1015,246.5,174.5,0.998
1016,246.5,178.5,0.991
1017,246.5,186.5,0.993
1018,246.5,192.5,0.992
1019,246.5,204.5,0.991
1020,250.5,216.5,0.995
1021,256.5,232.5,0.635
1022,270.5,246.5,0.909
1023,314.5,274.5,0.777
1024,332.5,278.5,0.867
1025,344.5,276.5,0.989
1026,372.5,272.5,0.993
1027,390.5,268.5,0.994
1028,418.5,270.5,0.991
1029,442.5,274.5,0.996
1030,466.5,276.5,0.985
1031,494.5,288.5,0.995
1032,522.5,300.5,0.85
1033,550.5,318.5,0.994
1034,578.5,336.5,0.996
1035,604.5,356.5,0.994
1036,636.5,386.5,0.634
1037,658.5,388.5,0.995
1038,684.5,378.5,0.992
1039,706.5,376.5,0.995
1040,734.5,374.5,0.993
1041,762.5,378.5,0.993
1042,788.5,384.5,0.995
1044,778.5,360.5,0.995
1045,746.5,340.5,0.989
1046,698.5,306.5,0.988
1047,666.5,290.5,0.988
1048,626.5,272.5,0.999
1049,588.5,258.5,0.988
1050,560.5,250.5,0.997
1051,532.5,244.5,0.996
1052,506.5,242.5,0.995
1053,486.5,240.5,0.997
1054,462.5,242.5,0.996
1055,442.5,246.5,0.998
1056,428.5,250.5,0.994
1057,410.5,260.5,0.993
1058,396.5,268.5,0.996
1059,382.5,258.5,0.991
1060,370.5,238.5,0.995
1061,354.5,222.5,0.998
1062,344.5,210.5,0.998
1063,332.5,198.5,0.998
1064,326.5,192.5,0.993
1065,294.5,184.5,0.874
1067,402.5,186.5,0.996
1068,436.5,188.5,0.998
1069,468.5,194.5,0.993
1070,504.5,204.5,0.996
1071,540.5,214.5,0.997
1072,574.5,228.5,0.995
1073,570.5,228.5,0.993
1074,606.5,244.5,0.997
1075,638.5,260.5,0.998
1076,678.5,284.5,0.994
1077,702.5,302.5,0.997
1078,742.5,336.5,0.991
1079,766.5,336.5,0.998
1080,802.5,322.5,0.997
1081,846.5,314.5,0.999
1082,866.5,314.5,0.997
1083,898.5,312.5,0.996
1084,932.5,316.5,0.942
1085,962.5,318.5,0.995
1086,908.5,284.5,0.965
1087,860.5,262.5,0.997
1088,812.5,242.5,0.998
1089,766.5,226.5,0.997
1090,722.5,212.5,0.998
1091,682.5,204.5,0.997
1092,638.5,196.5,0.997
1093,600.5,192.5,0.994
1094,562.5,192.5,0.996
1095,530.5,194.5,0.996
1096,492.5,196.5,0.996
1097,464.5,202.5,0.994
1098,432.5,210.5,0.998
1099,404.5,220.5,0.99
1100,380.5,232.5,0.994
1101,352.5,246.5,0.994
1102,332.5,264.5,0.997
1103,310.5,276.5,0.99
1104,288.5,262.5,0.989
1105,270.5,244.5,0.994
1106,248.5,224.5,0.963
1107,228.5,210.5,0.994
1108,216.5,204.5,0.987
1109,196.5,194.5,0.988
1110,178.5,188.5,0.992
1111,164.5,184.5,0.991
1112,150.5,182.5,0.989
1113,138.5,184.5,0.97
1114,128.5,188.5,0.989
1115,148.5,186.5,0.819
1117,258.5,188.5,0.99
1118,312.5,194.5,0.994
1119,364.5,204.5,0.997
1120,414.5,214.5,0.995
1121,466.5,232.5,0.99
1122,514.5,250.5,0.981
1124,626.5,304.5,0.986
1125,674.5,334.5,0.986
1126,706.5,330.5,0.997
1128,820.5,306.5,0.998
1129,858.5,302.5,0.998
1130,912.5,294.5,0.994
1131,954.5,294.5,0.994
1132,1004.5,296.5,0.992
1133,958.5,268.5,0.995
1134,928.5,254.5,0.998
1135,886.5,238.5,0.998
1136,846.5,224.5,0.998
1137,810.5,214.5,0.992
1138,774.5,208.5,0.991
1139,738.5,204.5,0.997
1140,702.5,202.5,0.996
1141,674.5,204.5,0.996
1142,642.5,206.5,0.995
1143,610.5,212.5,0.993
1144,582.5,220.5,0.993
1145,556.5,230.5,0.996
1146,532.5,242.5,0.995
1147,504.5,256.5,0.998
1148,486.5,266.5,0.998
1149,462.5,284.5,0.995
1150,442.5,276.5,0.996
1151,426.5,260.5,0.998
1152,410.5,244.5,0.997
1153,388.5,228.5,0.991
1154,370.5,218.5,0.995
1155,356.5,210.5,0.994
1156,340.5,204.5,0.984
1157,326.5,202.5,0.995
1158,310.5,202.5,0.996
1159,298.5,206.5,0.993
1161,276.5,216.5,0.989
1163,332.5,198.5,0.987
1164,368.5,192.5,0.994
1165,410.5,186.5,0.984
1166,446.5,182.5,0.998
1167,480.5,184.5,0.998
1168,520.5,190.5,0.996
1169,558.5,196.5,0.998
1170,592.5,206.5,0.998
1171,626.5,220.5,0.997
1172,668.5,236.5,0.996
1173,694.5,252.5,0.996
1174,724.5,270.5,0.995
1175,752.5,290.5,0.999
1176,784.5,316.5,0.984
1177,812.5,300.5,0.999
1178,842.5,284.5,0.994
1179,870.5,270.5,0.998
1180,894.5,260.5,0.998
1181,924.5,252.5,0.995
1182,954.5,244.5,0.988
1183,1080.5,264.5,0.944
1184,1004.5,244.5,0.992
1185,1020.5,246.5,0.982
1186,954.5,230.5,0.995
1187,900.5,224.5,0.997
1188,852.5,216.5,0.994
1189,798.5,212.5,0.996
1190,752.5,214.5,0.998
1191,704.5,216.5,0.995
1192,658.5,220.5,0.994
1193,620.5,226.5,0.999
1194,576.5,236.5,0.997
1195,546.5,242.5,0.994
1196,496.5,258.5,0.991
1197,466.5,264.5,0.995
1198,434.5,282.5,0.996
1199,402.5,280.5,0.97
1200,368.5,262.5,0.987
1201,336.5,248.5,0.993
1202,306.5,238.5,0.996
1203,282.5,230.5,0.986
1204,254.5,226.5,0.946
1205,230.5,222.5,0.973
1210,124.5,242.5,0.705
1213,208.5,222.5,0.991
1214,236.5,222.5,0.995
1215,266.5,222.5,0.995
1216,304.5,228.5,0.997
1217,334.5,236.5,0.995
1218,368.5,246.5,0.996
1219,408.5,260.5,0.994
1220,444.5,280.5,0.997
1222,1048.5,382.5,0.83
1224,594.5,386.5,0.938
1225,618.5,404.5,0.986
1226,670.5,388.5,0.992
1227,706.5,380.5,0.987
1228,754.5,372.5,0.995
1229,794.5,370.5,0.996
1230,834.5,370.5,0.998
1231,880.5,374.5,0.997
1232,916.5,388.5,0.984
1233,870.5,338.5,0.988
1234,818.5,300.5,0.998
1235,774.5,270.5,0.997
1236,730.5,244.5,0.999
1237,690.5,220.5,0.998
1238,644.5,196.5,0.998
1239,622.5,188.5,0.997
1240,590.5,178.5,0.995
1241,562.5,170.5,0.995
1242,532.5,164.5,0.992
1243,510.5,164.5,0.992
1244,488.5,164.5,0.993
1245,470.5,168.5,0.996
1246,454.5,172.5,0.996
1247,440.5,178.5,0.998
1248,424.5,186.5,0.997
1249,408.5,196.5,0.994
1250,398.5,206.5,0.998
1251,388.5,216.5,0.997
1252,376.5,230.5,0.995
1253,370.5,244.5,0.984
1271,272.5,184.5,0.98
1299,292.5,220.5,0.795
1300,294.5,224.5,0.992
1302,296.5,240.5,0.983
1317,294.5,240.5,0.548
1320,380.5,224.5,0.878
1321,1036.5,374.5,0.988
1322,1028.5,374.5,0.838
1323,382.5,188.5,0.964
1328,328.5,324.5,0.962
1333,400.5,128.5,0.915
1334,410.5,130.5,0.982
1335,426.5,144.5,0.99
1336,434.5,152.5,0.995
1337,450.5,164.5,0.995
1338,470.5,188.5,0.995
1339,486.5,210.5,0.997
1340,500.5,230.5,0.995
1341,522.5,250.5,0.999
1342,538.5,238.5,0.996
1343,546.5,230.5,0.995
1344,558.5,222.5,0.993
1345,574.5,214.5,0.993
1346,586.5,212.5,0.993
1347,600.5,212.5,0.994
1348,616.5,212.5,0.995
1349,630.5,216.5,0.998
1350,644.5,224.5,0.999
1351,660.5,234.5,0.994
1352,674.5,246.5,0.997
1353,690.5,262.5,0.995
1354,704.5,276.5,0.99
1355,718.5,300.5,0.997
1356,734.5,324.5,0.994
1357,744.5,350.5,0.992
1358,762.5,342.5,0.997
1359,774.5,328.5,0.998
1360,790.5,320.5,0.997
1361,806.5,314.5,0.997
1362,822.5,308.5,0.997
1363,838.5,308.5,0.997
1364,852.5,312.5,0.998
1365,866.5,318.5,0.998
1366,878.5,324.5,0.998
1367,892.5,336.5,0.998
1368,906.5,352.5,0.998
1369,918.5,370.5,0.993
1370,934.5,396.5,0.999
1371,940.5,410.5,0.997
1372,954.5,426.5,0.982
1373,962.5,412.5,0.994
1374,970.5,400.5,0.995
1375,984.5,384.5,0.996
1376,994.5,374.5,0.993
1377,1004.5,370.5,0.995
1378,1012.5,368.5,0.996
1379,1022.5,370.5,0.99
1380,1020.5,370.5,0.829
1381,1012.5,370.5,0.996
1382,1006.5,374.5,0.996
1383,1000.5,384.5,0.993
1384,994.5,390.5,0.995
1385,986.5,404.5,0.995
1386,980.5,418.5,0.994
1387,972.5,434.5,0.997
1388,966.5,450.5,0.997
1389,956.5,470.5,0.995
1390,950.5,490.5,0.998
1391,946.5,508.5,0.998
1392,936.5,532.5,0.998
1393,932.5,546.5,0.997
1394,932.5,530.5,0.997
1395,930.5,516.5,0.996
1396,926.5,506.5,0.992
1397,926.5,498.5,0.898
1398,924.5,492.5,0.936
1399,920.5,488.5,0.987
1404,934.5,554.5,0.933
1405,940.5,554.5,0.99
1406,944.5,544.5,0.988
1407,950.5,538.5,0.996
1408,954.5,534.5,0.995
1409,962.5,536.5,0.992
1412,964.5,546.5,0.927
1413,966.5,554.5,0.99
1427,280.5,154.5,0.984
1428,274.5,140.5,0.991
1429,270.5,124.5,0.99
1430,264.5,108.5,0.938
1431,260.5,94.5,0.994
1432,256.5,86.5,0.994
1445,256.5,90.5,0.987
1446,258.5,102.5,0.974
1447,262.5,116.5,0.993
1448,270.5,136.5,0.994
1449,274.5,152.5,0.995
1450,280.5,170.5,0.987
1451,290.5,186.5,0.984
1472,1058.5,296.5,0.993
1473,1064.5,290.5,0.67
1476,1086.5,264.5,0.994
1477,1076.5,266.5,0.992
1481,886.5,306.5,0.996
1482,852.5,312.5,0.998
1483,812.5,324.5,0.99
1484,752.5,290.5,0.998
1485,716.5,276.5,0.998
1486,678.5,260.5,0.996
1487,638.5,250.5,0.997
1488,602.5,242.5,0.998
1489,568.5,238.5,0.996
1490,532.5,238.5,0.994
1491,500.5,240.5,0.993
1492,470.5,242.5,0.994
1493,446.5,246.5,0.997
1494,420.5,252.5,0.99
1495,394.5,262.5,0.996
1496,370.5,260.5,0.996
1497,348.5,246.5,0.996
1498,326.5,236.5,0.996
1499,302.5,224.5,0.859
1502,252.5,208.5,0.996
1503,264.5,210.5,0.923
1504,288.5,202.5,0.991
1505,318.5,196.5,0.995
1506,346.5,196.5,0.996
1507,370.5,196.5,0.995
1508,402.5,202.5,0.998
1509,430.5,208.5,0.998
1510,464.5,222.5,0.996
1511,462.5,220.5,0.993
1512,490.5,230.5,0.993
1513,528.5,250.5,0.995
1514,556.5,268.5,0.998
1515,586.5,292.5,0.995
1516,620.5,316.5,0.992
1517,646.5,340.5,0.987
1518,674.5,364.5,0.997
1519,704.5,348.5,0.998
1520,722.5,342.5,0.998
1521,754.5,332.5,0.999
1522,778.5,328.5,0.996
1523,810.5,328.5,0.998
1524,836.5,330.5,0.995
1525,804.5,302.5,0.996
1526,764.5,276.5,0.999
1527,720.5,248.5,0.998
1528,684.5,228.5,0.999
1529,644.5,208.5,0.998
1530,620.5,198.5,0.997
1531,594.5,190.5,0.996
1532,570.5,184.5,0.993
1533,544.5,180.5,0.994
1534,526.5,178.5,0.993
1535,502.5,178.5,0.997
1536,484.5,182.5,0.995
1537,468.5,186.5,0.998
1538,456.5,192.5,0.998
1539,442.5,200.5,0.995
1540,430.5,210.5,0.996
1541,420.5,220.5,0.997
1542,408.5,234.5,0.99
1551,964.5,362.5,0.976
1556,346.5,236.5,0.989
1578,350.5,224.5,0.965
1579,356.5,224.5,0.568
1581,376.5,246.5,0.972
1582,360.5,244.5,0.791
1599,326.5,220.5,0.989
1601,322.5,210.5,0.873
1602,390.5,82.5,0.709
1622,412.5,200.5,0.607
1623,414.5,202.5,0.956
1624,418.5,200.5,0.947
1629,1108.5,624.5,0.933
1643,1100.5,382.5,0.944
1672,420.5,216.5,0.994
1673,414.5,210.5,0.994
1674,408.5,202.5,0.993
1675,404.5,190.5,0.885
1676,400.5,176.5,0.982
1677,396.5,164.5,0.989
1678,404.5,168.5,0.832
1679,420.5,176.5,0.992
1680,438.5,190.5,0.992
1681,454.5,196.5,0.971
1682,482.5,224.5,0.996
1683,498.5,240.5,0.977
1684,522.5,232.5,0.99
1685,538.5,226.5,0.996
1686,554.5,220.5,0.989
1687,426.5,168.5,0.993
1688,592.5,214.5,0.991
1689,612.5,214.5,0.99
1690,628.5,218.5,0.997
1691,644.5,222.5,0.998
1692,670.5,232.5,0.997
1693,684.5,242.5,0.996
1694,702.5,256.5,0.997
1695,722.5,272.5,0.997
1696,734.5,284.5,0.997
1697,754.5,282.5,0.997
1698,768.5,276.5,0.996
1699,782.5,268.5,0.995
1700,798.5,264.5,0.997
1701,814.5,262.5,0.995
1702,830.5,262.5,0.998
1703,846.5,266.5,0.997
1704,858.5,272.5,0.998
1705,874.5,282.5,0.999
1706,884.5,292.5,0.994
1707,882.5,310.5,0.994
1709,916.5,296.5,0.968
1710,934.5,302.5,0.996
1711,948.5,304.5,0.976
1719,308.5,216.5,0.659
1720,206.5,344.5,0.993
1723,174.5,342.5,0.989
1726,330.5,206.5,0.929
1728,322.5,202.5,0.92
1731,306.5,186.5,0.534
1732,300.5,178.5,0.878
1733,294.5,166.5,0.988
1734,290.5,152.5,0.99
1735,284.5,140.5,0.987
1736,278.5,126.5,0.993
1737,272.5,110.5,0.994
1738,268.5,98.5,0.688
1739,266.5,88.5,0.967
1753,262.5,92.5,0.995
1754,1062.5,568.5,0.989
1755,270.5,118.5,0.988
1756,276.5,136.5,0.997
1757,284.5,154.5,0.996
1758,1074.5,612.5,0.994
1759,1074.5,628.5,0.99
1760,1076.5,634.5,0.994
1761,1082.5,628.5,0.993
1762,1086.5,624.5,0.986
1763,1090.5,622.5,0.99
1764,1092.5,624.5,0.995
1765,1094.5,626.5,0.997
1766,1094.5,632.5,0.997
1767,1096.5,640.5,0.997
1768,1096.5,644.5,0.996
1771,1082.5,630.5,0.998
1772,1074.5,622.5,0.998
1773,1070.5,614.5,0.993
1774,1060.5,608.5,0.994
1775,1052.5,604.5,0.994
1776,1052.5,600.5,0.992
1777,210.5,214.5,0.992
1789,232.5,210.5,0.831
1790,228.5,224.5,0.976
1796,242.5,216.5,0.987
1819,290.5,230.5,0.781
1825,1056.5,298.5,0.998
1833,866.5,310.5,0.996
1834,800.5,334.5,0.977
1837,820.5,384.5,0.987
1838,626.5,264.5,0.995
1839,586.5,254.5,0.997
1840,544.5,248.5,0.994
1841,510.5,244.5,0.994
1842,478.5,244.5,0.996
1843,440.5,244.5,0.995
1844,416.5,246.5,0.995
1845,380.5,256.5,0.995
1846,356.5,266.5,0.963
1847,326.5,274.5,0.991
1848,304.5,262.5,0.99
1849,278.5,250.5,0.911
1853,196.5,222.5,0.974
1854,178.5,216.5,0.976
1855,162.5,218.5,0.991
1856,184.5,210.5,0.991
1858,276.5,182.5,0.695
1859,314.5,178.5,0.994
1860,358.5,176.5,0.997
1861,404.5,176.5,0.998
1862,452.5,180.5,0.998
1863,498.5,190.5,0.997
1864,550.5,202.5,0.995
1865,602.5,220.5,0.997
1866,642.5,236.5,0.99
1867,702.5,264.5,0.996
1868,750.5,290.5,0.997
1869,806.5,326.5,0.993
1870,836.5,346.5,0.994
1872,1196.5,410.5,0.843
1876,1244.5,434.5,0.859
1877,1114.5,648.5,0.997
1878,1156.5,660.5,0.995
1879,1210.5,654.5,0.999
1880,1256.5,646.5,0.982
1881,1054.5,568.5,0.988
1882,1110.5,364.5,0.993
1883,1114.5,372.5,0.989
1884,86.5,218.5,0.862
1887,1262.5,542.5,0.985
1888,1234.5,528.5,0.991
1891,1058.5,594.5,0.673
1892,1068.5,590.5,0.771
1893,1070.5,576.5,0.853
1894,1074.5,564.5,0.99
1895,1076.5,550.5,0.927
1896,1082.5,538.5,0.99
1897,966.5,506.5,0.992
1898,942.5,514.5,0.994
1899,930.5,512.5,0.993
1900,924.5,494.5,0.997
1901,932.5,492.5,0.995
1902,938.5,492.5,0.998
1903,942.5,496.5,0.997
1904,946.5,502.5,0.997
1905,952.5,512.5,0.996
1906,956.5,520.5,0.997
1907,960.5,534.5,0.993
1908,964.5,550.5,0.995
1909,970.5,552.5,0.996
1910,974.5,550.5,0.991
1911,980.5,550.5,0.99
1912,984.5,552.5,0.997
1913,986.5,558.5,0.996
1914,990.5,564.5,0.994
1915,996.5,564.5,0.598
1916,1040.5,312.5,0.823
1917,1000.5,564.5,0.992
1918,1000.5,564.5,0.994
1919,1024.5,342.5,0.991
1924,192.5,204.5,0.644
1928,196.5,184.5,0.813
1934,992.5,296.5,0.987
1939,272.5,150.5,0.634
1940,274.5,154.5,0.962
1941,278.5,162.5,0.951
1942,282.5,168.5,0.981
1961,274.5,172.5,0.984
1982,678.5,542.5,0.989
1988,274.5,184.5,0.989
2029,376.5,190.5,0.992
2030,380.5,188.5,0.992
2031,384.5,182.5,0.986
2032,388.5,184.5,0.912
2033,482.5,590.5,0.501
2041,538.5,250.5,0.654
2042,538.5,250.5,0.905
2048,650.5,656.5,0.971
2051,648.5,654.5,0.85
2052,646.5,644.5,0.992
2055,688.5,224.5,0.535
2063,608.5,714.5,0.869
2064,626.5,712.5,0.967
2065,720.5,530.5,0.621
2068,734.5,712.5,0.991
2069,752.5,714.5,0.7
2072,632.5,270.5,0.993
2073,612.5,250.5,0.996
2074,598.5,230.5,0.994
2075,582.5,214.5,0.996
2076,568.5,202.5,0.996
2077,554.5,194.5,0.996
2078,544.5,192.5,0.996
2079,532.5,190.5,0.998
2080,522.5,192.5,0.996
2081,514.5,198.5,0.994
2082,506.5,206.5,0.998
2083,498.5,214.5,0.998
2084,490.5,226.5,0.996
2085,486.5,240.5,0.998
2086,478.5,250.5,0.996
2087,474.5,268.5,0.998
2088,468.5,258.5,0.991
2089,464.5,232.5,0.997
2090,460.5,214.5,0.994
2091,458.5,198.5,0.998
2092,456.5,184.5,0.998
2093,454.5,170.5,0.998
2094,452.5,162.5,0.996
2095,450.5,156.5,0.996
2096,448.5,150.5,0.994
2097,446.5,148.5,0.99
2098,444.5,144.5,0.986
2099,442.5,160.5,0.986
2100,440.5,166.5,0.985
2101,436.5,178.5,0.993
2102,418.5,192.5,0.984
2103,404.5,202.5,0.939
2105,384.5,220.5,0.951
2106,372.5,224.5,0.956
2123,310.5,248.5,0.637
2125,298.5,252.5,0.991
2126,294.5,256.5,0.991
2127,290.5,256.5,0.992
2128,286.5,256.5,0.994
2129,284.5,256.5,0.995
2130,280.5,256.5,0.996
2131,278.5,258.5,0.996
2132,276.5,258.5,0.997
2133,276.5,260.5,0.996
2134,278.5,262.5,0.996
2135,276.5,264.5,0.992
2136,278.5,266.5,0.991
2137,280.5,270.5,0.825
2139,278.5,270.5,0.99
2140,278.5,266.5,0.99
2141,274.5,258.5,0.996
2142,272.5,246.5,0.996
2144,280.5,216.5,0.574
2145,258.5,196.5,0.994
2146,256.5,182.5,0.997
2147,254.5,176.5,0.994
2148,252.5,168.5,0.993
2149,250.5,164.5,0.997
2150,250.5,162.5,0.995
2151,250.5,162.5,0.996
2152,250.5,166.5,0.998
2153,250.5,174.5,0.999
2154,250.5,180.5,0.996
2155,242.5,200.5,0.99
2156,252.5,210.5,0.952
2157,260.5,214.5,0.987
2158,272.5,228.5,0.968
2161,384.5,276.5,0.991
2162,414.5,268.5,0.992
2163,446.5,264.5,0.998
2164,478.5,260.5,0.997
2165,502.5,260.5,0.995
2166,546.5,266.5,0.997
2167,574.5,272.5,0.995
2168,610.5,286.5,0.996
2169,638.5,296.5,0.993
2170,668.5,308.5,0.997
2171,706.5,330.5,0.997
2172,746.5,358.5,0.989
2173,770.5,370.5,0.996
2174,802.5,364.5,0.996
2175,834.5,356.5,0.998
2176,866.5,354.5,0.997
2178,846.5,320.5,0.994
2179,812.5,304.5,0.998
2180,770.5,288.5,0.998
2181,730.5,274.5,0.998
2182,688.5,262.5,0.998
2183,650.5,258.5,0.995
2184,620.5,254.5,0.994
2185,588.5,254.5,0.996
2186,554.5,252.5,0.997
2187,526.5,258.5,0.998
2188,498.5,262.5,0.998
2189,470.5,272.5,0.996
2190,450.5,282.5,0.997
2191,434.5,292.5,0.995
2192,408.5,282.5,0.995
2193,386.5,264.5,0.996
2194,366.5,252.5,0.996
2195,352.5,238.5,0.994
2197,314.5,220.5,0.991
2200,334.5,216.5,0.986
2201,366.5,214.5,0.997
2202,400.5,218.5,0.991
2203,428.5,224.5,0.997
2204,460.5,232.5,0.996
2205,492.5,244.5,0.995
2206,522.5,256.5,0.994
2207,548.5,268.5,0.995
2208,582.5,292.5,0.996
2209,618.5,316.5,0.986
2210,650.5,340.5,0.984
2211,682.5,370.5,0.992
2212,706.5,376.5,0.995
2213,738.5,366.5,0.996
2214,770.5,358.5,0.999
2215,800.5,356.5,0.998
2216,826.5,358.5,0.996
2218,776.5,320.5,0.87
2219,730.5,296.5,0.834
2220,690.5,284.5,0.997
2221,646.5,270.5,0.996
2222,628.5,268.5,0.997
2223,590.5,260.5,0.994
2224,564.5,258.5,0.994
2225,536.5,256.5,0.997
2226,518.5,258.5,0.997
2227,496.5,260.5,0.998
2228,480.5,258.5,0.992
2229,462.5,234.5,0.997
2230,290.5,202.5,0.996
2231,306.5,200.5,0.994
2232,334.5,202.5,0.993
2233,410.5,188.5,0.999
2234,402.5,184.5,0.99
2235,420.5,180.5,0.997
2236,450.5,176.5,0.997
2237,484.5,176.5,0.998
2238,506.5,178.5,0.995
2239,538.5,182.5,0.993
2240,566.5,192.5,0.993
2241,596.5,202.5,0.995
2242,624.5,212.5,0.997
2243,644.5,224.5,0.999
2244,680.5,246.5,0.998
2245,708.5,266.5,0.995
2246,734.5,284.5,0.995
2247,756.5,304.5,0.903
2248,786.5,338.5,0.997
2249,824.5,322.5,0.997
2250,852.5,318.5,0.995
2251,878.5,316.5,0.996
2252,908.5,314.5,0.996
2253,948.5,320.5,0.997
2254,904.5,296.5,0.961
2255,864.5,278.5,0.996
2256,818.5,262.5,0.998
2257,770.5,248.5,0.998
2258,730.5,240.5,0.999
2259,690.5,232.5,0.998
2260,652.5,228.5,0.996
2261,622.5,228.5,0.998
2262,590.5,228.5,0.996
2263,562.5,232.5,0.983
2264,538.5,236.5,0.99
2265,514.5,244.5,0.99
2266,494.5,246.5,0.997
2267,470.5,234.5,0.996
2268,450.5,222.5,0.995
2269,434.5,206.5,0.996
2270,410.5,192.5,0.993
2271,346.5,188.5,0.991
2272,388.5,180.5,0.998
2273,398.5,180.5,0.992
2274,416.5,184.5,0.998
2275,436.5,192.5,0.999
2276,454.5,200.5,0.985
2277,482.5,216.5,0.997
2278,496.5,228.5,0.994
2279,520.5,248.5,0.998
2280,546.5,270.5,0.995
2281,558.5,284.5,0.994
2282,570.5,312.5,0.995
2283,562.5,314.5,0.993
2285,542.5,312.5,0.997
2286,530.5,314.5,0.99
2288,512.5,310.5,0.996
2289,502.5,310.5,0.992
2290,492.5,308.5,0.991
2291,482.5,314.5,0.995
2292,474.5,310.5,0.995
2293,466.5,310.5,0.997
2294,458.5,310.5,0.998
2295,450.5,312.5,0.999
2296,442.5,308.5,0.998
2297,434.5,308.5,0.998
2298,424.5,308.5,0.997
2299,416.5,308.5,0.998
2300,408.5,308.5,0.997
2301,400.5,308.5,0.998
2302,392.5,306.5,0.999
2303,384.5,306.5,0.998
2304,376.5,306.5,0.999
2305,370.5,304.5,0.998
2306,362.5,304.5,0.999
2307,354.5,304.5,0.998
2308,346.5,304.5,0.998
2309,340.5,302.5,0.996
2310,332.5,304.5,0.993
2311,324.5,302.5,0.991
2313,310.5,298.5,0.995
2314,304.5,298.5,0.981
2315,298.5,296.5,0.944
2318,278.5,296.5,0.923
2319,270.5,300.5,0.988
2320,264.5,304.5,0.996
2321,258.5,308.5,0.998
2322,252.5,320.5,0.995
2323,250.5,328.5,0.997
2325,234.5,300.5,0.997
2326,340.5,328.5,0.987
2327,224.5,258.5,0.988
2328,216.5,236.5,0.991
2329,210.5,222.5,0.993
2330,206.5,210.5,0.989
2331,200.5,198.5,0.994
2332,198.5,192.5,0.988
2333,196.5,184.5,0.992
2334,190.5,182.5,0.993
2335,188.5,182.5,0.996
2336,180.5,276.5,0.989
2337,186.5,192.5,0.993
2338,186.5,198.5,0.998
2339,186.5,208.5,0.997
2340,186.5,218.5,0.997
2341,186.5,230.5,0.99
2342,192.5,216.5,0.977
2343,194.5,198.5,0.988
2344,198.5,178.5,0.995
2345,200.5,160.5,0.993
2346,204.5,146.5,0.996
2347,210.5,132.5,0.993
2348,216.5,124.5,0.992
2349,222.5,120.5,0.994
2350,228.5,116.5,0.99
2351,234.5,118.5,0.998
2352,242.5,120.5,0.987
2353,248.5,122.5,0.899
2356,666.5,570.5,0.55
2360,260.5,132.5,0.99
2361,834.5,374.5,0.974
2362,264.5,150.5,0.939
2363,264.5,162.5,0.995
2364,272.5,170.5,0.991
2365,278.5,176.5,0.988
2399,334.5,214.5,0.992
2400,334.5,218.5,0.993
2401,332.5,224.5,0.984
2402,330.5,226.5,0.889
2403,328.5,230.5,0.988
2404,328.5,234.5,0.962
2406,316.5,240.5,0.527
2407,308.5,238.5,0.701
2408,306.5,246.5,0.979
2410,296.5,250.5,0.988
2411,292.5,252.5,0.99
2412,288.5,254.5,0.958
2413,284.5,254.5,0.994
2414,280.5,254.5,0.997
2415,278.5,254.5,0.997
2416,276.5,256.5,0.994
2417,274.5,256.5,0.995
2418,274.5,256.5,0.994
2419,272.5,258.5,0.996
2420,272.5,258.5,0.995
2421,270.5,258.5,0.996
2422,270.5,258.5,0.996
2423,270.5,260.5,0.996
2424,270.5,260.5,0.994
2425,270.5,260.5,0.994
2426,270.5,258.5,0.995
2427,270.5,260.5,0.992
2428,270.5,260.5,0.992
2429,270.5,260.5,0.995
2430,268.5,260.5,0.987
2431,268.5,260.5,0.991
2432,268.5,260.5,0.992
2433,268.5,260.5,0.992
2434,270.5,260.5,0.993
2435,270.5,260.5,0.995
2436,270.5,260.5,0.994
2437,274.5,264.5,0.986
2438,272.5,264.5,0.983
2439,274.5,262.5,0.993
2440,270.5,256.5,0.998
2441,266.5,246.5,0.998
2442,262.5,232.5,0.991
2443,256.5,220.5,0.992
2444,252.5,208.5,0.853
2445,250.5,196.5,0.996
2446,246.5,188.5,0.999
2447,246.5,182.5,0.997
2448,244.5,180.5,0.998
2449,242.5,180.5,0.999
2450,242.5,184.5,0.995
2451,242.5,188.5,0.991
2452,238.5,202.5,0.993
2453,238.5,210.5,0.986
2454,244.5,218.5,0.993
2457,324.5,276.5,0.987
2458,344.5,276.5,0.994
2459,378.5,270.5,0.993
2460,412.5,268.5,0.992
2461,442.5,266.5,0.997
2462,470.5,268.5,0.996
2463,498.5,270.5,0.991
2464,538.5,278.5,0.992
2465,578.5,296.5,0.999
2466,606.5,308.5,0.991
2467,638.5,322.5,0.997
2468,672.5,342.5,0.99
2469,706.5,368.5,0.99
2470,736.5,390.5,0.993
2471,770.5,388.5,0.991
2472,808.5,382.5,0.995
2473,834.5,380.5,0.997
2474,868.5,382.5,0.996
2475,818.5,358.5,0.997
2476,774.5,340.5,0.994
2477,732.5,326.5,0.995
2478,688.5,318.5,0.992
2479,642.5,310.5,0.998
2480,608.5,308.5,0.99
2481,572.5,306.5,0.998
2482,548.5,308.5,0.997
2483,550.5,316.5,0.996
2484,558.5,326.5,0.991
2485,566.5,328.5,0.994
2486,572.5,324.5,0.995
2487,582.5,322.5,0.995
2488,588.5,322.5,0.997
2489,596.5,326.5,0.997
2490,602.5,328.5,0.999
2491,612.5,340.5,0.996
2492,618.5,350.5,0.998
2493,626.5,348.5,0.999
2494,636.5,344.5,0.999
2495,642.5,344.5,0.998
2496,652.5,346.5,0.999
2497,658.5,352.5,0.998
2498,666.5,358.5,0.998
2499,674.5,370.5,0.998
2500,682.5,366.5,0.998
2501,690.5,364.5,0.998
2502,698.5,362.5,0.998
2503,706.5,366.5,0.998
2504,714.5,370.5,0.998
2505,722.5,378.5,0.998
2506,730.5,386.5,0.996
2507,738.5,382.5,0.998
2508,746.5,382.5,0.997
2509,756.5,384.5,0.998
2510,764.5,386.5,0.998
2511,770.5,394.5,0.997
2512,778.5,402.5,0.997
2513,788.5,400.5,0.997
2514,798.5,398.5,0.998
2515,806.5,402.5,0.998
2516,814.5,406.5,0.996
2517,824.5,414.5,0.997
2518,832.5,416.5,0.994
2519,842.5,416.5,0.998
2520,852.5,416.5,0.998
2521,860.5,420.5,0.995
2522,868.5,428.5,0.997
2523,874.5,434.5,0.955
2524,888.5,432.5,0.998
2525,896.5,432.5,0.998
2526,904.5,436.5,0.994
2527,912.5,438.5,0.994
2528,918.5,436.5,0.994
2529,928.5,438.5,0.992
2530,938.5,440.5,0.994
2531,946.5,442.5,0.993
2532,956.5,448.5,0.993
2533,966.5,452.5,0.996
2534,974.5,456.5,0.998
2535,982.5,462.5,0.994
2536,992.5,466.5,0.904
2537,998.5,468.5,0.952
2556,410.5,226.5,0.621
2558,268.5,228.5,0.506
2559,272.5,226.5,0.583
2560,272.5,224.5,0.912
2577,352.5,218.5,0.779
2578,350.5,216.5,0.895
2582,334.5,216.5,0.992
2588,308.5,226.5,0.991
2601,1056.5,300.5,0.992
2611,866.5,306.5,0.998
2612,838.5,310.5,0.991
2613,764.5,322.5,0.995
2614,706.5,292.5,0.826
2615,684.5,280.5,0.997
2616,638.5,262.5,0.997
2617,594.5,250.5,0.997
2618,558.5,242.5,0.999
2619,530.5,240.5,0.997
2620,488.5,236.5,0.994
2621,456.5,238.5,0.994
2622,426.5,242.5,0.997
2623,398.5,244.5,0.99
2624,368.5,256.5,0.995
2625,346.5,264.5,0.998
2626,320.5,266.5,0.979
2627,292.5,244.5,0.992
2628,274.5,236.5,0.993
2631,232.5,218.5,0.95
2632,192.5,210.5,0.971
2633,186.5,212.5,0.989
2634,206.5,202.5,0.913
2636,306.5,192.5,0.994
2637,348.5,192.5,0.998
2638,398.5,194.5,0.997
2639,432.5,198.5,0.997
2640,476.5,210.5,0.999
2641,522.5,222.5,0.997
2642,562.5,236.5,0.998
2643,602.5,252.5,0.996
2644,642.5,272.5,0.993
2645,686.5,292.5,0.998
2646,932.5,398.5,0.995
2647,754.5,342.5,0.997
2648,816.5,322.5,0.996
2649,860.5,314.5,0.996
2650,894.5,308.5,0.999
2651,944.5,302.5,0.997
2652,996.5,300.5,0.996
2653,214.5,144.5,0.989
2654,930.5,268.5,0.999
2655,870.5,252.5,0.998
2656,818.5,240.5,0.998
2657,766.5,228.5,0.994
2658,710.5,222.5,0.997
2659,666.5,212.5,0.991
2660,620.5,212.5,0.997
2661,574.5,212.5,0.998
2662,528.5,214.5,0.995
2663,490.5,220.5,0.998
2664,450.5,226.5,0.997
2665,416.5,234.5,0.997
2666,382.5,244.5,0.997
2667,354.5,252.5,0.995
2668,322.5,268.5,0.992
2670,264.5,268.5,0.979
2671,238.5,250.5,0.994
2672,210.5,240.5,0.814
2674,152.5,210.5,0.609
2675,138.5,208.5,0.99
2676,112.5,220.5,0.943
2682,130.5,196.5,0.649
2683,174.5,196.5,0.966
2684,220.5,198.5,0.976
2685,260.5,204.5,0.986
2686,302.5,212.5,0.995
2687,346.5,224.5,0.998
2688,394.5,240.5,0.991
2689,434.5,256.5,0.99
2690,462.5,268.5,0.992
2691,1006.5,344.5,0.979
2694,538.5,322.5,0.986
2695,538.5,308.5,0.995
2696,536.5,298.5,0.996
2697,536.5,290.5,0.997
2698,534.5,284.5,0.998
2699,1002.5,336.5,0.995
2700,532.5,280.5,0.996
2701,532.5,284.5,0.995
2702,534.5,288.5,0.998
2703,534.5,294.5,0.996
2704,534.5,284.5,0.998
2705,536.5,274.5,0.997
2706,540.5,268.5,0.998
2707,542.5,262.5,0.998
2708,544.5,260.5,0.995
2709,546.5,260.5,0.998
2710,550.5,264.5,0.999
2711,550.5,270.5,0.998
2712,554.5,270.5,0.997
2713,556.5,260.5,0.998
2714,562.5,256.5,0.998
2715,566.5,252.5,0.998
2716,572.5,250.5,0.997
2717,574.5,250.5,0.995
2718,580.5,254.5,0.997
2719,582.5,256.5,0.998
2720,588.5,256.5,0.996
2721,594.5,246.5,0.997
2722,600.5,242.5,0.996
2723,606.5,242.5,0.993
2724,612.5,240.5,0.994
2725,618.5,244.5,0.997
2726,622.5,246.5,0.996
2727,626.5,252.5,0.993
2728,630.5,260.5,0.992
2729,636.5,268.5,0.568
2731,386.5,176.5,0.992
2735,378.5,192.5,0.904
2736,386.5,192.5,0.871
2740,410.5,206.5,0.502
2757,536.5,194.5,0.953
2758,538.5,194.5,0.921
2759,546.5,196.5,0.991
2761,562.5,194.5,0.98
2765,674.5,698.5,0.873
2766,600.5,504.5,0.882
2770,638.5,184.5,0.967
2785,586.5,506.5,0.63
2787,708.5,66.5,0.939
2812,762.5,160.5,0.743
2816,682.5,584.5,0.828
2837,740.5,260.5,0.985
2838,740.5,268.5,0.99
2839,740.5,278.5,0.99
2842,738.5,304.5,0.95
2843,736.5,298.5,0.941
2844,736.5,294.5,0.994
2845,884.5,444.5,0.98
2846,736.5,296.5,0.992
2847,736.5,302.5,0.998
2848,734.5,306.5,0.999
2849,734.5,314.5,0.995
2850,732.5,328.5,0.998
2851,730.5,344.5,0.998
2852,730.5,338.5,0.998
2853,732.5,330.5,0.998
2854,732.5,326.5,0.999
2855,732.5,326.5,0.999
2856,732.5,328.5,0.999
2857,730.5,334.5,0.999
2858,730.5,342.5,0.998
2859,728.5,354.5,0.998
2860,728.5,368.5,0.996
2861,728.5,372.5,0.997
2862,728.5,364.5,0.999
2863,728.5,358.5,0.998
2864,726.5,358.5,0.997
2865,726.5,364.5,0.996
2866,726.5,370.5,0.998
2867,724.5,376.5,0.993
2868,724.5,386.5,0.983
2873,768.5,350.5,0.988
2876,804.5,370.5,0.503
2887,408.5,208.5,0.988
2893,420.5,198.5,0.757
2896,420.5,206.5,0.963
2897,418.5,206.5,0.748
2898,412.5,206.5,0.986
2899,404.5,204.5,0.962
2900,398.5,204.5,0.988
2901,392.5,206.5,0.97
2905,314.5,326.5,0.989
2906,294.5,332.5,0.99
2928,340.5,200.5,0.654
2940,760.5,336.5,0.941
2941,1064.5,306.5,0.524
2948,940.5,378.5,0.99
2950,814.5,306.5,0.998
2951,772.5,290.5,0.999
2952,730.5,276.5,0.999
2953,686.5,266.5,0.997
2954,640.5,256.5,0.998
2955,602.5,250.5,0.996
2956,568.5,248.5,0.99
2957,534.5,248.5,0.991
2958,524.5,248.5,0.988
2959,432.5,260.5,0.994
2960,430.5,260.5,0.991
2961,402.5,266.5,0.987
2962,372.5,252.5,0.994
2963,354.5,240.5,0.995
2964,326.5,228.5,0.989
2965,310.5,224.5,0.991
2966,282.5,220.5,0.78
2968,318.5,214.5,0.996
2969,352.5,214.5,0.996
2970,382.5,216.5,0.998
2971,424.5,224.5,0.995
2972,458.5,234.5,0.997
2973,494.5,244.5,0.995
2974,536.5,258.5,0.991
2975,566.5,272.5,0.992
2976,602.5,292.5,0.996
2977,638.5,316.5,0.996
2978,676.5,344.5,0.989
2979,706.5,342.5,0.996
2980,746.5,336.5,0.996
2981,778.5,330.5,0.993
2982,818.5,336.5,0.999
2983,848.5,340.5,0.999
2984,846.5,378.5,0.874
2985,814.5,304.5,0.998
2986,772.5,282.5,0.999
2987,732.5,262.5,0.999
2988,698.5,246.5,0.997
2989,672.5,238.5,0.999
2990,636.5,228.5,0.995
2991,610.5,222.5,0.997
2992,578.5,220.5,0.989
2993,556.5,220.5,0.99
2994,534.5,220.5,0.991
2995,516.5,224.5,0.997
2996,498.5,228.5,0.994
2997,482.5,236.5,0.996
2998,466.5,242.5,0.995
2999,450.5,224.5,0.994
3000,436.5,206.5,0.996
3001,424.5,194.5,0.997
3002,410.5,180.5,0.993
3003,400.5,170.5,0.938
3005,444.5,172.5,0.989
3006,480.5,174.5,0.998
3007,514.5,180.5,0.992
3008,548.5,188.5,0.995
3009,586.5,198.5,0.995
3010,618.5,210.5,0.995
3011,648.5,224.5,0.997
3012,684.5,244.5,0.998
3013,716.5,262.5,0.998
3014,752.5,286.5,0.999
3015,372.5,152.5,0.989
3016,808.5,330.5,0.998
3017,852.5,314.5,0.995
3018,882.5,312.5,0.997
3019,924.5,312.5,0.994
3020,958.5,318.5,0.995
3021,990.5,324.5,0.997
3022,1014.5,326.5,0.994
3023,952.5,288.5,0.995
3024,916.5,270.5,0.999
3025,880.5,256.5,0.999
3026,842.5,242.5,0.998
3027,802.5,228.5,0.998
3028,770.5,224.5,0.996
3029,736.5,218.5,0.996
3030,704.5,216.5,0.996
3031,674.5,218.5,0.996
3032,642.5,220.5,0.995
3033,620.5,226.5,0.998
3034,594.5,230.5,0.992
3035,570.5,242.5,0.997
3036,558.5,248.5,0.997
3037,534.5,258.5,0.998
3038,514.5,272.5,0.994
3039,494.5,256.5,0.996
3040,484.5,240.5,0.995
3041,466.5,224.5,0.999
3042,456.5,212.5,0.991
3043,442.5,202.5,0.995
3044,430.5,196.5,0.995
3045,418.5,190.5,0.998
3046,408.5,188.5,0.997
3047,396.5,188.5,0.999
3048,404.5,190.5,0.988
3049,384.5,186.5,0.982
3050,440.5,204.5,0.977
3051,458.5,212.5,0.99
3052,476.5,226.5,0.998
3053,498.5,244.5,0.997
3054,520.5,260.5,0.997
3055,540.5,284.5,0.996
3056,562.5,312.5,0.997
3057,582.5,338.5,0.994
3058,608.5,374.5,0.991
3059,628.5,376.5,0.988
3060,648.5,374.5,0.989
3061,672.5,374.5,0.993
3062,694.5,380.5,0.992
3063,720.5,388.5,0.991
3064,746.5,404.5,0.99
3067,708.5,346.5,0.985
3068,668.5,314.5,0.993
3069,648.5,294.5,0.94
3070,618.5,276.5,0.998
3071,592.5,260.5,0.99
3072,572.5,250.5,0.997
3073,554.5,244.5,0.995
3074,540.5,242.5,0.997
3075,526.5,240.5,0.997
3076,514.5,240.5,0.997
3077,504.5,244.5,0.997
3078,492.5,246.5,0.998
3079,484.5,256.5,0.997
3080,474.5,252.5,0.994
3081,468.5,234.5,0.998
3082,460.5,220.5,0.994
3083,454.5,200.5,0.994
3084,448.5,190.5,0.997
3085,444.5,180.5,0.996
3086,440.5,172.5,0.998
3087,452.5,172.5,0.984
3088,480.5,174.5,0.995
3089,506.5,180.5,0.993
3090,532.5,186.5,0.993
3091,564.5,196.5,0.994
3092,594.5,208.5,0.998
3093,624.5,222.5,0.998
3094,644.5,234.5,0.998
3095,684.5,258.5,0.998
3096,716.5,278.5,0.994
3097,396.5,164.5,0.989
3098,768.5,330.5,0.996
3099,804.5,352.5,0.995
3100,844.5,338.5,0.998
3101,874.5,336.5,0.994
3102,912.5,334.5,0.994
3103,946.5,334.5,0.997
3104,960.5,326.5,0.992
3105,912.5,300.5,0.992
3106,864.5,278.5,0.997
3107,818.5,262.5,0.998
3108,770.5,244.5,0.999
3109,722.5,230.5,0.998
3110,684.5,224.5,0.999
3111,640.5,216.5,0.996
3112,604.5,212.5,0.996
3113,564.5,212.5,0.989
3114,530.5,214.5,0.993
3115,498.5,220.5,0.995
3116,476.5,228.5,0.996
3117,442.5,236.5,0.997
3118,418.5,244.5,0.994
3119,394.5,258.5,0.992
3120,374.5,268.5,0.994
3121,346.5,262.5,0.998
3122,326.5,244.5,0.991
3123,310.5,230.5,0.994
3124,286.5,216.5,0.993
3125,270.5,204.5,0.991
3127,236.5,188.5,0.99
3128,100.5,208.5,0.904
3129,204.5,188.5,0.639
3130,192.5,186.5,0.995
3131,206.5,186.5,0.969
3133,346.5,208.5,0.969
3134,400.5,216.5,0.994
3135,448.5,230.5,0.99
3136,536.5,258.5,0.985
3138,634.5,300.5,0.99
3139,696.5,336.5,0.995
3140,750.5,340.5,0.986
3141,800.5,324.5,0.985
3142,876.5,320.5,0.998
3143,922.5,318.5,0.998
3144,978.5,322.5,0.99
3145,1002.5,312.5,0.987
3146,938.5,286.5,0.998
3147,882.5,264.5,0.999
3148,834.5,248.5,0.999
3149,786.5,238.5,0.998
3150,740.5,228.5,0.997
3151,698.5,222.5,0.997
3152,658.5,220.5,0.997
3153,620.5,218.5,0.997
3154,1042.5,330.5,0.994
3155,546.5,224.5,0.997
3156,510.5,228.5,0.992
3157,480.5,236.5,0.996
3158,452.5,244.5,0.996
3159,428.5,256.5,0.995
3160,400.5,266.5,0.994
3161,376.5,280.5,0.995
3162,354.5,284.5,0.953
3163,330.5,268.5,0.987
3164,308.5,248.5,0.994
3165,284.5,234.5,0.998
3166,264.5,222.5,0.986
3167,246.5,216.5,0.989
3168,230.5,210.5,0.99
3169,212.5,206.5,0.993
3170,194.5,206.5,0.984
3171,180.5,206.5,0.987
3172,160.5,210.5,0.997
3173,158.5,212.5,0.995
3174,212.5,204.5,0.966
3175,292.5,206.5,0.991
3176,356.5,212.5,0.991
3177,404.5,216.5,0.99
3178,462.5,228.5,0.993
3179,222.5,120.5,0.995
3180,634.5,268.5,0.988
3182,1044.5,342.5,0.991
3183,796.5,338.5,0.982
3184,844.5,362.5,0.997
3185,1044.5,332.5,0.985
3186,980.5,346.5,0.969
3187,1004.5,334.5,0.944
3188,948.5,314.5,0.993
3189,898.5,294.5,0.995
3190,850.5,286.5,0.997
3191,810.5,276.5,0.996
3192,762.5,270.5,0.998
3193,720.5,264.5,0.997
3194,686.5,262.5,0.997
3195,644.5,262.5,0.989
3196,610.5,266.5,0.994
3197,580.5,268.5,0.998
3198,554.5,274.5,0.995
3199,516.5,284.5,0.985
3200,492.5,280.5,0.989
3201,470.5,264.5,0.998
3202,446.5,252.5,0.997
3203,424.5,242.5,0.997
3204,404.5,236.5,0.992
3205,384.5,228.5,0.993
3206,364.5,226.5,0.992
3207,340.5,224.5,0.988
3208,330.5,226.5,0.965
3209,338.5,226.5,0.941
3210,360.5,226.5,0.988
3211,390.5,230.5,0.99
3212,422.5,238.5,0.997
3213,446.5,244.5,0.997
3214,476.5,250.5,0.995
3215,506.5,260.5,0.997
3216,540.5,276.5,0.995
3217,570.5,292.5,0.998
3218,590.5,302.5,0.995
3219,622.5,318.5,0.997
3220,650.5,336.5,0.994
3221,678.5,356.5,0.994
3222,706.5,354.5,0.997
3223,730.5,354.5,0.996
3224,760.5,354.5,0.998
3225,782.5,356.5,0.998
3226,816.5,364.5,0.998
3228,794.5,326.5,0.998
3229,762.5,294.5,0.998
3230,742.5,278.5,0.997
3231,716.5,260.5,0.998
3232,696.5,246.5,0.996
3233,672.5,234.5,0.996
3234,644.5,222.5,0.997
3235,626.5,218.5,0.988
3236,632.5,220.5,0.99
3237,610.5,214.5,0.991
3238,592.5,214.5,0.99
3239,574.5,214.5,0.993
3240,560.5,218.5,0.996
3241,544.5,224.5,0.996
3242,532.5,230.5,0.995
3243,518.5,242.5,0.995
3244,506.5,250.5,0.999
3245,492.5,260.5,0.998
3246,482.5,244.5,0.993
3247,472.5,228.5,0.997
3248,462.5,214.5,0.99
3249,456.5,200.5,0.994
3250,446.5,192.5,0.996
3251,438.5,184.5,0.999
3252,430.5,180.5,0.995
3253,422.5,178.5,0.998
3254,436.5,176.5,0.986
3255,466.5,178.5,0.99
3256,484.5,180.5,0.991
3257,514.5,186.5,0.996
3258,544.5,194.5,0.998
3259,574.5,204.5,0.997
3260,604.5,216.5,0.996
3261,634.5,230.5,0.997
3262,676.5,256.5,0.999
3263,696.5,270.5,0.993
3264,724.5,292.5,0.988
3265,762.5,324.5,0.995
3266,794.5,352.5,0.994
3267,826.5,382.5,0.983
3268,854.5,418.5,0.989
3269,894.5,424.5,0.995
3270,930.5,420.5,0.994
3272,858.5,354.5,0.994
3273,810.5,324.5,0.994
3274,762.5,300.5,0.977
3275,722.5,280.5,0.998
3276,684.5,266.5,0.997
3277,644.5,252.5,0.995
3278,612.5,242.5,0.996
3279,580.5,236.5,0.991
3280,556.5,232.5,0.993
3281,530.5,230.5,0.989
3282,506.5,230.5,0.984
3283,482.5,234.5,0.996
3284,462.5,238.5,0.997
3285,444.5,244.5,0.998
3286,428.5,252.5,0.995
3287,412.5,260.5,0.996
3288,396.5,244.5,0.998
3289,386.5,228.5,0.995
3290,372.5,212.5,0.994
3291,362.5,200.5,0.997
3292,348.5,190.5,0.992
3293,340.5,182.5,0.995
3294,330.5,176.5,0.992
3295,324.5,172.5,0.992
3297,374.5,162.5,0.989
3298,404.5,156.5,0.992
3299,434.5,158.5,0.997
3300,470.5,158.5,0.997
3301,500.5,160.5,0.995
3302,540.5,166.5,0.996
3303,578.5,174.5,0.997
3304,614.5,184.5,0.995
3305,646.5,194.5,0.997
3306,688.5,210.5,0.998
3307,732.5,230.5,0.999
3308,768.5,248.5,0.998
3309,806.5,270.5,0.996
3310,842.5,294.5,0.999
3311,878.5,318.5,0.999
3312,918.5,350.5,0.993
3313,964.5,334.5,0.997
3314,986.5,328.5,0.999
3315,1026.5,314.5,0.991
3318,980.5,450.5,0.8
3319,1116.5,262.5,0.901
3320,1104.5,256.5,0.982
3321,1064.5,224.5,0.988
3323,1116.5,194.5,0.803
3325,950.5,190.5,0.629
3326,926.5,188.5,0.965
3327,902.5,186.5,0.995
3328,878.5,188.5,0.995
3329,858.5,194.5,0.997
3330,836.5,202.5,0.997
3331,814.5,212.5,0.996
3332,794.5,226.5,0.999
3333,778.5,236.5,0.997
3334,760.5,252.5,0.997
3335,742.5,268.5,0.997
3336,732.5,278.5,0.993
3338,1010.5,276.5,0.608
3339,1010.5,304.5,0.784
3340,1008.5,334.5,0.842
3345,276.5,184.5,0.98
3360,318.5,328.5,0.984
3361,330.5,328.5,0.99
3369,350.5,198.5,0.946
3431,358.5,210.5,0.975
3465,1118.5,514.5,0.693
3527,362.5,226.5,0.992
3528,356.5,226.5,0.992
3529,350.5,228.5,0.992
3530,346.5,228.5,0.991
3531,340.5,232.5,0.998
3532,334.5,232.5,0.997
3533,328.5,234.5,0.997
3534,322.5,236.5,0.997
3535,318.5,238.5,0.996
3536,314.5,240.5,0.997
3537,310.5,240.5,0.997
3538,306.5,240.5,0.997
3539,302.5,242.5,0.996
3540,298.5,242.5,0.998
3541,296.5,244.5,0.997
3542,294.5,246.5,0.996
3543,292.5,246.5,0.991
3544,290.5,248.5,0.994
3545,288.5,250.5,0.993
3546,286.5,252.5,0.996
3547,286.5,252.5,0.995
3548,286.5,252.5,0.993
3549,282.5,254.5,0.994
3550,284.5,254.5,0.989
3551,284.5,256.5,0.989
3552,284.5,258.5,0.99
3553,284.5,260.5,0.991
3554,286.5,262.5,0.991
3555,286.5,264.5,0.994
3556,284.5,258.5,0.995
3557,282.5,252.5,0.997
3558,276.5,238.5,0.995
3559,276.5,218.5,0.983
3560,270.5,206.5,0.987
3561,266.5,190.5,0.994
3562,266.5,180.5,0.997
3563,264.5,174.5,0.997
3564,262.5,166.5,0.998
3565,262.5,162.5,0.995
3566,262.5,160.5,0.999
3567,262.5,166.5,0.996
3568,262.5,166.5,0.992
3569,266.5,176.5,0.998
3570,266.5,182.5,0.998
3571,270.5,194.5,0.995
3573,284.5,224.5,0.927
3574,332.5,222.5,0.573
3575,318.5,226.5,0.634
3576,368.5,272.5,0.986
3577,390.5,266.5,0.99
3578,414.5,260.5,0.992
3579,438.5,260.5,0.993
3580,468.5,260.5,0.996
3581,492.5,260.5,0.998
3582,524.5,264.5,0.992
3583,554.5,274.5,0.996
3584,586.5,292.5,0.994
3585,614.5,304.5,0.989
3586,644.5,320.5,0.994
3587,684.5,344.5,0.974
3588,704.5,366.5,0.995
3589,232.5,346.5,0.915
3590,770.5,410.5,0.997
3591,802.5,398.5,0.997
3592,832.5,390.5,0.996
3593,862.5,390.5,0.997
3594,884.5,384.5,0.995
3595,820.5,346.5,0.997
3596,776.5,324.5,0.996
3597,736.5,306.5,0.996
3598,690.5,288.5,0.994
3599,642.5,280.5,0.988
3600,610.5,268.5,0.987
3601,570.5,258.5,0.995
3602,542.5,258.5,0.998
3603,510.5,258.5,0.997
3604,484.5,260.5,0.998
3605,458.5,264.5,0.998
3606,436.5,268.5,0.997
3607,414.5,276.5,0.994
3608,394.5,280.5,0.996
3609,378.5,264.5,0.998
3610,356.5,246.5,0.991
3611,344.5,234.5,0.996
3614,356.5,212.5,0.993
3615,398.5,210.5,0.998
3616,430.5,210.5,0.998
3617,464.5,214.5,0.997
3618,502.5,222.5,0.998
3619,542.5,230.5,0.998
3620,576.5,240.5,0.999
3621,612.5,254.5,0.996
3622,642.5,268.5,0.994
3623,686.5,284.5,0.997
3624,722.5,300.5,0.991
3625,754.5,326.5,0.997
3626,786.5,350.5,0.998
3627,828.5,338.5,0.997
3628,866.5,330.5,0.998
3629,906.5,326.5,0.997
3630,942.5,328.5,0.996
3631,978.5,330.5,0.97
3632,944.5,310.5,0.851
3633,896.5,290.5,0.996
3634,836.5,272.5,0.994
3635,780.5,260.5,0.997
3636,740.5,254.5,0.998
3637,690.5,244.5,0.997
3638,642.5,242.5,0.998
3639,608.5,242.5,0.998
3640,572.5,242.5,0.999
3641,534.5,246.5,0.994
3642,508.5,248.5,0.997
3643,478.5,258.5,0.995
3644,444.5,270.5,0.993
3645,416.5,256.5,0.996
3646,398.5,242.5,0.996
3647,378.5,228.5,0.996
3648,350.5,214.5,0.995
3649,338.5,206.5,0.993
3650,316.5,198.5,0.989
3651,328.5,194.5,0.992
3652,350.5,188.5,0.995
3653,386.5,182.5,0.995
3654,416.5,180.5,0.997
3655,446.5,180.5,0.998
3656,478.5,182.5,0.996
3657,502.5,188.5,0.995
3658,542.5,198.5,0.997
3659,572.5,210.5,0.994
3660,604.5,224.5,0.996
3661,638.5,242.5,0.996
3662,676.5,264.5,0.996
3663,698.5,282.5,0.992
3664,740.5,314.5,0.997
3665,774.5,346.5,0.998
3666,812.5,380.5,0.991
3667,842.5,420.5,0.975
3668,882.5,464.5,0.998
3669,914.5,506.5,0.994
3670,948.5,552.5,0.99
3671,988.5,618.5,0.996
3672,1028.5,688.5,0.988
3673,1044.5,712.5,0.984
3676,222.5,184.5,0.978
3690,344.5,332.5,0.986
3693,208.5,206.5,0.992
3694,188.5,200.5,0.669
3696,184.5,192.5,0.965
3697,210.5,188.5,0.982
3702,200.5,204.5,0.944
3707,1036.5,652.5,0.98
3711,1242.5,684.5,0.6
3712,1244.5,686.5,0.759
3715,1050.5,692.5,0.718
3716,1048.5,678.5,0.922
3718,262.5,138.5,0.953
3719,262.5,122.5,0.991
3720,262.5,112.5,0.988
3722,264.5,92.5,0.99
3724,1084.5,688.5,0.9
3730,246.5,192.5,0.988
3732,838.5,624.5,0.98
3733,818.5,612.5,0.994
3734,262.5,196.5,0.728
3736,842.5,520.5,0.713
3745,330.5,162.5,0.985
3754,640.5,714.5,0.697
3755,650.5,522.5,0.825
3759,298.5,184.5,0.859
3760,296.5,188.5,0.986
3762,312.5,120.5,0.991
3763,316.5,132.5,0.987
3764,322.5,148.5,0.964
3765,328.5,166.5,0.992
3766,336.5,182.5,0.502
3767,524.5,634.5,0.523
3769,358.5,224.5,0.81
3801,486.5,590.5,0.989
3802,722.5,714.5,0.991
3803,272.5,218.5,0.949
3818,426.5,200.5,0.946
3820,706.5,714.5,0.614
3823,272.5,216.5,0.895
3824,794.5,558.5,0.992
3828,764.5,358.5,0.62
3829,346.5,204.5,0.988
3830,640.5,336.5,0.802
3831,618.5,304.5,0.994
3832,598.5,284.5,0.996
3833,576.5,262.5,0.994
3834,558.5,244.5,0.997
3835,542.5,234.5,0.996
3836,526.5,228.5,0.996
3837,512.5,224.5,0.996
3838,498.5,224.5,0.998
3839,486.5,226.5,0.998
3840,474.5,230.5,0.998
3841,466.5,238.5,0.997
3842,456.5,246.5,0.996
3843,448.5,258.5,0.996
3844,440.5,272.5,0.998
3845,432.5,278.5,0.996
3846,424.5,256.5,0.998
3847,418.5,234.5,0.996
3849,400.5,190.5,0.997
3850,402.5,192.5,0.994
3851,396.5,180.5,0.998
3852,392.5,174.5,0.996
3853,388.5,170.5,0.995
3854,382.5,168.5,0.995
3855,380.5,170.5,0.993
3856,378.5,174.5,0.977
3857,376.5,178.5,0.992
3858,372.5,176.5,0.991
3866,356.5,196.5,0.991
3867,356.5,200.5,0.992
3868,354.5,202.5,0.99
3872,352.5,210.5,0.625
3875,344.5,216.5,0.793
3877,336.5,226.5,0.986
3879,326.5,234.5,0.987
3881,318.5,242.5,0.992
3882,312.5,244.5,0.995
3883,308.5,246.5,0.993
3884,304.5,248.5,0.995
3885,300.5,252.5,0.99
3886,296.5,256.5,0.986
3887,294.5,258.5,0.994
3888,294.5,258.5,0.992
3889,292.5,260.5,0.959
3890,292.5,258.5,0.991
3891,282.5,254.5,0.997
3892,282.5,254.5,0.999
3893,280.5,246.5,0.996
3894,276.5,230.5,0.867
3895,290.5,216.5,0.992
3896,268.5,202.5,0.995
3897,264.5,188.5,0.996
3898,262.5,180.5,0.997
3899,258.5,172.5,0.999
3900,256.5,166.5,0.998
3901,254.5,164.5,0.997
3902,254.5,162.5,0.997
3903,252.5,164.5,0.997
3904,252.5,170.5,0.995
3905,252.5,180.5,0.994
3906,252.5,186.5,0.996
3908,256.5,210.5,0.99
3909,264.5,226.5,0.996
3910,278.5,242.5,0.993
3911,326.5,270.5,0.985
3912,356.5,276.5,0.934
3913,384.5,272.5,0.99
3914,406.5,270.5,0.983
3915,436.5,268.5,0.996
3916,462.5,268.5,0.998
3917,492.5,270.5,0.997
3918,516.5,276.5,0.994
3919,554.5,292.5,0.998
3920,578.5,302.5,0.996
3921,616.5,322.5,0.986
3922,644.5,338.5,0.993
3923,676.5,366.5,0.991
3924,706.5,380.5,0.997
3925,736.5,372.5,0.995
3926,764.5,364.5,0.997
3927,788.5,366.5,0.996
3928,826.5,368.5,0.997
3929,848.5,374.5,0.995
3930,830.5,358.5,0.994
3931,802.5,332.5,0.993
3932,752.5,300.5,0.989
3933,722.5,288.5,0.995
3934,684.5,270.5,0.997
3935,648.5,258.5,0.996
3936,616.5,248.5,0.992
3937,588.5,244.5,0.993
3938,556.5,240.5,0.994
3939,534.5,240.5,0.996
3940,504.5,242.5,0.996
3941,484.5,244.5,0.995
3942,462.5,248.5,0.996
3943,442.5,260.5,0.995
3944,428.5,266.5,0.994
3945,404.5,262.5,0.996
3946,394.5,244.5,0.999
3947,378.5,228.5,0.994
3948,364.5,212.5,0.996
3949,350.5,202.5,0.996
3950,340.5,196.5,0.995
3951,330.5,188.5,0.988
3952,354.5,184.5,0.512
3953,398.5,180.5,0.997
3954,430.5,178.5,0.999
3955,464.5,176.5,0.999
3956,508.5,178.5,0.997
3957,544.5,182.5,0.997
3958,586.5,188.5,0.997
3959,626.5,196.5,0.997
3960,672.5,208.5,0.999
3961,706.5,220.5,0.998
3962,748.5,234.5,0.998
3963,788.5,252.5,0.998
3964,828.5,270.5,0.999
3965,868.5,294.5,0.998
3966,906.5,318.5,0.997
3967,934.5,334.5,0.997
3968,988.5,338.5,0.997
3971,1156.5,328.5,0.994
3973,1070.5,274.5,0.992
3974,1028.5,258.5,0.996
3975,978.5,242.5,0.991
3976,938.5,230.5,0.997
3977,894.5,226.5,0.999
3978,858.5,222.5,0.999
3979,818.5,222.5,0.997
3980,782.5,224.5,0.998
3981,746.5,228.5,0.998
3982,708.5,236.5,0.994
3983,680.5,244.5,0.996
3984,646.5,258.5,0.994
3985,620.5,274.5,0.995
3986,594.5,284.5,0.997
3987,594.5,294.5,0.998
3988,596.5,308.5,0.996
3989,596.5,302.5,0.993
3990,604.5,294.5,0.999
3991,610.5,290.5,0.994
3992,614.5,288.5,0.996
3993,618.5,288.5,0.997
3994,622.5,292.5,0.998
3995,628.5,298.5,0.996
3996,630.5,306.5,0.997
3997,634.5,316.5,0.999
3998,640.5,328.5,0.998
3999,644.5,324.5,0.996
4000,648.5,316.5,0.999
4001,652.5,312.5,0.999
4002,658.5,312.5,0.999
4003,662.5,314.5,0.999
4004,666.5,320.5,0.998
4005,670.5,326.5,0.999
4006,674.5,336.5,0.999
4007,680.5,348.5,0.998
4008,684.5,344.5,0.999
4009,688.5,340.5,0.998
4010,692.5,338.5,0.999
4011,698.5,338.5,0.999
4012,704.5,340.5,0.999
4013,708.5,346.5,0.999
4014,710.5,354.5,0.998
4015,714.5,364.5,0.998
4016,720.5,372.5,0.994
4017,722.5,366.5,0.998
4018,728.5,360.5,0.998
4019,734.5,358.5,0.999
4020,738.5,360.5,0.999
4021,742.5,366.5,0.999
4022,746.5,374.5,0.998
4023,748.5,384.5,0.998
4024,754.5,392.5,0.996
4025,758.5,386.5,0.996
4026,766.5,382.5,0.998
4027,770.5,382.5,0.998
4028,776.5,384.5,0.998
4029,778.5,390.5,0.997
4030,782.5,400.5,0.997
4031,786.5,408.5,0.997
4032,794.5,408.5,0.995
4034,288.5,214.5,0.979
4035,290.5,212.5,0.929
4059,420.5,146.5,0.816
4069,322.5,236.5,0.907
4083,370.5,214.5,0.985
4090,320.5,220.5,0.886
4110,320.5,216.5,0.681
4113,1054.5,302.5,0.993
4114,1060.5,294.5,0.995
4120,940.5,376.5,0.991
4121,862.5,308.5,0.999
4122,834.5,314.5,0.992
4123,764.5,322.5,0.996
4124,710.5,290.5,0.919
4125,680.5,278.5,0.994
4126,638.5,264.5,0.998
4127,602.5,256.5,0.997
4128,560.5,246.5,0.994
4129,522.5,244.5,0.994
4130,494.5,244.5,0.996
4131,462.5,244.5,0.997
4132,428.5,246.5,0.997
4133,398.5,258.5,0.994
4134,372.5,264.5,0.993
4135,342.5,270.5,0.993
4136,322.5,260.5,0.996
4137,296.5,244.5,0.992
4138,272.5,236.5,0.99
4139,260.5,232.5,0.504
4141,214.5,220.5,0.992
4142,180.5,218.5,0.814
4143,174.5,216.5,0.97
4145,228.5,224.5,0.968
4146,258.5,222.5,0.983
4148,356.5,228.5,0.99
4149,400.5,238.5,0.988
4150,442.5,248.5,0.996
4151,490.5,262.5,0.998
4152,542.5,276.5,0.987
4153,578.5,298.5,0.991
4154,1006.5,328.5,0.993
4155,668.5,334.5,0.994
4156,702.5,350.5,0.998
4157,738.5,342.5,0.996
4158,782.5,340.5,0.997
4159,822.5,338.5,0.998
4160,862.5,340.5,0.998
4161,906.5,344.5,0.997
4163,926.5,328.5,0.997
4164,890.5,290.5,0.996
4165,860.5,264.5,0.998
4166,824.5,238.5,0.998
4167,790.5,212.5,0.998
4168,756.5,192.5,0.997
4169,930.5,310.5,0.998
4170,694.5,162.5,0.992
4171,672.5,152.5,0.997
4172,642.5,144.5,0.996
4173,608.5,140.5,0.992
4174,578.5,140.5,0.995
4175,554.5,140.5,0.995
4176,532.5,144.5,0.995
4177,508.5,152.5,0.993
4178,484.5,158.5,0.997
4179,464.5,170.5,0.997
4180,440.5,184.5,0.995
4181,418.5,198.5,0.998
4182,402.5,214.5,0.998
4183,384.5,232.5,0.997
4184,366.5,252.5,0.998
4185,350.5,274.5,0.996
4189,286.5,258.5,0.995
4190,276.5,242.5,0.998
4191,260.5,224.5,0.996
4192,250.5,212.5,0.993
4193,238.5,200.5,0.99
4194,226.5,192.5,0.995
4195,216.5,188.5,0.997
4196,206.5,184.5,0.996
4197,196.5,184.5,0.997
4198,188.5,188.5,0.993
4199,178.5,194.5,0.99
4200,172.5,198.5,0.997
4202,164.5,220.5,0.987
4204,258.5,222.5,0.995
4205,290.5,224.5,0.987
4206,344.5,232.5,0.995
4207,386.5,242.5,0.998
4208,434.5,256.5,0.994
4209,468.5,268.5,0.995
4210,216.5,124.5,0.969
4212,562.5,312.5,0.973
4214,564.5,304.5,0.998
4215,930.5,392.5,0.979
4216,570.5,284.5,0.997
4217,572.5,274.5,0.995
4218,578.5,270.5,0.998
4219,580.5,268.5,0.997
4220,582.5,270.5,0.998
4221,586.5,272.5,0.999
4222,586.5,276.5,0.994
4223,590.5,272.5,0.991
4224,594.5,266.5,0.997
4225,600.5,260.5,0.995
4226,606.5,254.5,0.993
4227,612.5,248.5,0.995
4228,616.5,248.5,0.995
4229,620.5,250.5,0.992
4230,624.5,254.5,0.991
4231,628.5,256.5,0.994
4232,634.5,250.5,0.997
4233,640.5,244.5,0.998
4234,644.5,240.5,0.997
4235,650.5,236.5,0.995
4236,656.5,232.5,0.993
4237,660.5,234.5,0.997
4238,668.5,238.5,0.996
4239,672.5,242.5,0.997
4240,676.5,248.5,0.997
4241,678.5,256.5,0.998
4242,684.5,266.5,0.996
4243,684.5,278.5,0.978
4254,698.5,690.5,0.733
4260,330.5,330.5,0.997
4276,492.5,584.5,0.985
4277,476.5,206.5,0.971
4278,484.5,208.5,0.618
4280,690.5,712.5,0.99
4281,516.5,202.5,0.572
4282,532.5,196.5,0.99
4283,542.5,194.5,0.995
4284,550.5,190.5,0.984
4285,562.5,186.5,0.989
4287,580.5,176.5,0.608
4288,608.5,170.5,0.986
4313,738.5,60.5,0.931
4314,744.5,66.5,0.996
4315,752.5,70.5,0.996
4316,758.5,76.5,0.992
4317,764.5,82.5,0.991
4318,770.5,90.5,0.989
4319,774.5,98.5,0.997
4320,780.5,106.5,0.991
4321,784.5,114.5,0.996
4322,788.5,122.5,0.982
4323,790.5,132.5,0.995
4324,794.5,140.5,0.777
4325,794.5,146.5,0.994
4335,810.5,232.5,0.984
4340,798.5,234.5,0.989
4341,690.5,714.5,0.963
4342,708.5,714.5,0.991
4348,808.5,234.5,0.624
4349,806.5,236.5,0.99
4350,256.5,130.5,0.61
4360,1026.5,490.5,0.557
4363,884.5,688.5,0.821
4394,632.5,180.5,0.89
4402,698.5,178.5,0.848
4407,702.5,176.5,0.996
4408,704.5,182.5,0.998
4409,706.5,190.5,0.996
4410,706.5,200.5,0.998
4411,708.5,212.5,0.995
4412,708.5,226.5,0.994
4413,710.5,246.5,0.991
4414,710.5,266.5,0.994
4415,708.5,282.5,0.985
4416,712.5,288.5,0.991
4417,714.5,276.5,0.995
4418,716.5,272.5,0.99
4419,718.5,262.5,0.993
4420,718.5,260.5,0.994
4421,720.5,262.5,0.862
4422,720.5,262.5,0.968
4423,718.5,262.5,0.995
4424,722.5,274.5,0.994
4425,722.5,286.5,0.995
4426,722.5,300.5,0.996
4427,720.5,316.5,0.99
4428,722.5,336.5,0.996
4429,722.5,356.5,0.997
4430,722.5,350.5,0.998
4431,726.5,342.5,0.998
4432,726.5,336.5,0.998
4433,728.5,332.5,0.998
4434,728.5,334.5,0.997
4435,730.5,338.5,0.997
4436,730.5,344.5,0.995
4438,730.5,352.5,0.985
4461,366.5,232.5,0.862
4462,362.5,228.5,0.992
4463,356.5,228.5,0.992
4464,252.5,348.5,0.718
4466,344.5,226.5,0.889
4473,366.5,258.5,0.856
4505,1066.5,312.5,0.95
4513,880.5,308.5,0.995
4514,838.5,314.5,0.989
4515,770.5,320.5,0.992
4516,708.5,284.5,0.991
4517,676.5,270.5,0.998
4518,634.5,256.5,0.999
4519,594.5,244.5,0.999
4520,558.5,240.5,0.999
4521,524.5,236.5,0.989
4522,482.5,234.5,0.989
4523,450.5,238.5,0.995
4524,422.5,242.5,0.995
4525,396.5,246.5,0.992
4526,370.5,256.5,0.995
4527,346.5,262.5,0.992
4528,318.5,244.5,0.987
4529,294.5,232.5,0.987
4530,272.5,222.5,0.99
4531,338.5,332.5,0.991
4533,270.5,196.5,0.978
4534,300.5,186.5,0.992
4535,334.5,180.5,0.996
4536,364.5,174.5,0.998
4537,398.5,174.5,0.999
4538,432.5,174.5,0.999
4539,470.5,180.5,0.996
4540,506.5,186.5,0.997
4541,544.5,196.5,0.998
4542,584.5,210.5,0.997
4543,622.5,226.5,0.997
4544,672.5,250.5,0.992
4545,698.5,266.5,0.997
4546,730.5,286.5,0.993
4547,730.5,288.5,0.985
4548,770.5,316.5,0.991
4549,818.5,354.5,0.994
4550,844.5,378.5,0.991
4551,894.5,378.5,0.993
4552,928.5,366.5,0.988
4553,962.5,356.5,0.997
4554,996.5,350.5,0.991
4555,1104.5,176.5,0.703
4557,864.5,276.5,0.994
4558,802.5,254.5,0.997
4559,754.5,242.5,0.996
4560,702.5,228.5,0.998
4561,656.5,222.5,0.995
4562,612.5,214.5,0.993
4563,574.5,212.5,0.997
4564,540.5,212.5,0.996
4565,500.5,212.5,0.989
4566,468.5,218.5,0.983
4567,440.5,224.5,0.993
4568,414.5,228.5,0.996
4569,388.5,236.5,0.989
4570,368.5,248.5,0.992
4571,346.5,258.5,0.996
4572,324.5,242.5,0.994
4573,304.5,222.5,0.997
4574,286.5,206.5,0.993
4576,236.5,184.5,0.711
4578,338.5,190.5,0.994
4579,374.5,196.5,0.995
4580,410.5,202.5,0.997
4581,450.5,212.5,0.993
4582,496.5,224.5,0.999
4583,536.5,236.5,0.997
4584,566.5,248.5,0.994
4585,628.5,274.5,0.998
4586,658.5,290.5,0.95
4587,696.5,306.5,0.995
4588,730.5,326.5,0.992
4589,772.5,322.5,0.881
4590,778.5,352.5,0.988
4591,858.5,316.5,0.997
4592,898.5,318.5,0.999
4593,940.5,322.5,0.997
4594,974.5,324.5,0.996
4595,916.5,294.5,0.939
4596,880.5,278.5,0.998
4597,832.5,260.5,0.999
4598,792.5,250.5,0.998
4599,752.5,240.5,0.997
4600,714.5,232.5,0.996
4601,674.5,228.5,0.993
4602,640.5,226.5,0.997
4603,610.5,228.5,0.995
4604,578.5,230.5,0.988
4605,548.5,236.5,0.991
4606,524.5,244.5,0.994
4607,500.5,250.5,0.998
4608,476.5,260.5,0.996
4609,454.5,266.5,0.997
4610,436.5,250.5,0.997
4611,418.5,236.5,0.997
4612,398.5,218.5,0.995
4613,380.5,206.5,0.998
4614,368.5,200.5,0.998
4615,346.5,196.5,0.97
4616,332.5,190.5,0.979
4617,350.5,188.5,0.684
4618,364.5,188.5,0.995
4619,388.5,192.5,0.99
4620,414.5,198.5,0.995
4621,436.5,204.5,0.994
4622,464.5,218.5,0.997
4623,484.5,228.5,0.996
4624,514.5,248.5,0.996
4625,542.5,266.5,0.995
4626,570.5,292.5,0.993
4627,588.5,316.5,0.987
4628,620.5,346.5,0.976
4629,650.5,382.5,0.984
4630,672.5,396.5,0.994
4631,700.5,392.5,0.995
4632,724.5,388.5,0.993
4633,752.5,390.5,0.995
4634,782.5,390.5,0.989
4635,816.5,398.5,0.838
4637,738.5,344.5,0.693
4638,706.5,322.5,0.993
4639,672.5,294.5,0.995
4640,642.5,284.5,0.994
4641,618.5,276.5,0.999
4642,594.5,266.5,0.997
4643,572.5,262.5,0.997
4644,556.5,260.5,0.998
4645,540.5,260.5,0.999
4646,530.5,264.5,0.998
4647,514.5,254.5,0.995
4648,502.5,232.5,0.995
4649,494.5,218.5,0.996
4650,486.5,204.5,0.997
4651,476.5,190.5,0.998
4652,468.5,182.5,0.997
4653,460.5,178.5,0.992
4654,474.5,174.5,0.978
4655,488.5,174.5,0.995
4656,512.5,178.5,0.968
4657,532.5,182.5,0.991
4658,550.5,188.5,0.99
4659,578.5,198.5,0.995
4660,598.5,210.5,0.994
4661,622.5,224.5,0.998
4662,644.5,240.5,0.998
4663,674.5,264.5,0.997
4664,686.5,280.5,0.997
4665,708.5,304.5,0.996
4666,730.5,326.5,0.994
4667,758.5,322.5,0.998
4668,418.5,168.5,0.995
4669,408.5,170.5,0.995
4670,822.5,322.5,0.998
4671,848.5,328.5,0.997
4672,868.5,332.5,0.997
4673,366.5,178.5,0.845
4674,844.5,314.5,0.998
4675,804.5,292.5,0.999
4676,760.5,270.5,0.999
4677,718.5,252.5,0.998
4678,682.5,238.5,0.997
4679,640.5,226.5,0.998
4680,850.5,312.5,0.996
4681,576.5,212.5,0.994
4682,546.5,210.5,0.996
4683,516.5,210.5,0.993
4684,494.5,210.5,0.996
4685,470.5,212.5,0.984
4686,446.5,220.5,0.99
4687,424.5,228.5,0.996
4688,406.5,236.5,0.993
4689,388.5,246.5,0.996
4690,374.5,258.5,0.993
4691,350.5,242.5,0.973
4692,344.5,224.5,0.963
4693,326.5,210.5,0.995
4695,298.5,186.5,0.993
4697,270.5,172.5,0.994
4698,256.5,172.5,0.993
4699,248.5,170.5,0.987
4700,266.5,162.5,0.937
4703,412.5,194.5,0.983
4704,458.5,208.5,0.995
4705,502.5,224.5,0.999
4706,546.5,244.5,0.997
4707,620.5,276.5,0.995
4708,656.5,296.5,0.99
4709,702.5,324.5,0.997
4710,754.5,306.5,0.992
4711,816.5,306.5,0.998
4712,850.5,306.5,0.999
4713,902.5,306.5,0.997
4714,952.5,308.5,0.88
4715,1018.5,318.5,0.978
4716,998.5,302.5,0.981
4717,928.5,268.5,0.999
4718,880.5,248.5,0.999
4719,832.5,228.5,0.998
4720,786.5,212.5,0.999
4721,746.5,204.5,0.998
4722,702.5,194.5,0.998
4723,670.5,190.5,0.997
4724,626.5,186.5,0.997
4725,592.5,186.5,0.996
4726,560.5,188.5,0.994
4727,534.5,192.5,0.995
4728,498.5,196.5,0.972
4729,478.5,204.5,0.993
4730,448.5,214.5,0.991
4731,426.5,226.5,0.997
4732,402.5,236.5,0.992
4733,384.5,248.5,0.997
4734,358.5,246.5,0.943
4735,338.5,228.5,0.997
4736,318.5,212.5,0.986
4737,300.5,200.5,0.986
4738,282.5,192.5,0.525
4739,252.5,176.5,0.967
4740,240.5,174.5,0.987
4741,230.5,174.5,0.997
4742,210.5,178.5,0.969
4743,198.5,172.5,0.988
4745,282.5,174.5,0.988
4746,340.5,178.5,0.969
4747,402.5,190.5,0.985
4748,450.5,198.5,0.994
4749,508.5,216.5,0.991
4750,578.5,242.5,0.998
4751,630.5,262.5,0.993
4752,690.5,286.5,0.986
4753,1060.5,324.5,0.668
4754,1070.5,330.5,0.994
4755,888.5,348.5,0.978
4756,958.5,338.5,0.994
4757,996.5,334.5,0.985
4758,1060.5,324.5,0.899
4760,996.5,278.5,0.993
4761,916.5,248.5,0.997
4762,866.5,230.5,0.998
4763,816.5,214.5,0.995
4764,768.5,204.5,0.996
4765,722.5,194.5,0.997
4766,682.5,188.5,0.998
4767,638.5,186.5,0.996
4768,600.5,186.5,0.993
4769,560.5,186.5,0.997
4770,526.5,190.5,0.997
4771,494.5,194.5,0.997
4772,464.5,200.5,0.994
4773,434.5,210.5,0.996
4774,412.5,220.5,0.987
4775,384.5,230.5,0.994
4776,358.5,244.5,0.995
4777,334.5,260.5,0.991
4778,316.5,260.5,0.99
4779,292.5,242.5,0.998
4780,274.5,226.5,0.997
4781,252.5,210.5,0.989
4782,234.5,198.5,0.988
4783,218.5,188.5,0.99
4785,180.5,180.5,0.991
4787,150.5,180.5,0.864
4789,184.5,176.5,0.904
4793,374.5,176.5,0.998
4794,422.5,186.5,0.996
4795,482.5,202.5,0.995
4796,532.5,220.5,0.997
4797,580.5,240.5,0.998
4798,634.5,266.5,0.997
4799,692.5,292.5,0.648
4800,730.5,320.5,0.923
4801,778.5,354.5,0.986
4802,834.5,356.5,0.992
4803,888.5,338.5,0.995
4804,938.5,332.5,0.997
4805,988.5,324.5,0.998
4806,1016.5,308.5,0.994
4807,950.5,270.5,0.996
4808,914.5,254.5,0.998
4809,866.5,230.5,0.998
4810,822.5,212.5,0.996
4811,778.5,198.5,0.998
4812,736.5,188.5,0.996
4813,698.5,178.5,0.997
4814,672.5,174.5,0.997
4815,628.5,170.5,0.996
4816,594.5,170.5,0.994
4817,570.5,172.5,0.991
4818,540.5,174.5,0.995
4819,520.5,180.5,0.986
4820,496.5,186.5,0.998
4821,470.5,194.5,0.994
4822,452.5,202.5,0.987
4823,432.5,212.5,0.994
4824,414.5,228.5,0.996
4825,398.5,238.5,0.997
4826,380.5,226.5,0.996
4827,370.5,210.5,0.998
4828,354.5,192.5,0.995
4829,342.5,180.5,0.995
4830,330.5,168.5,0.966
4831,316.5,160.5,0.935
4832,308.5,152.5,0.967
4835,384.5,164.5,0.965
4836,416.5,170.5,0.996
4837,450.5,180.5,0.998
4838,478.5,190.5,0.998
4839,514.5,208.5,0.998
4840,546.5,224.5,0.999
4841,578.5,244.5,0.999
4842,596.5,256.5,0.992
4843,932.5,368.5,0.824
4844,622.5,282.5,0.981
4845,610.5,284.5,0.913
4847,598.5,264.5,0.997
4848,594.5,258.5,0.994
4849,586.5,252.5,0.997
4850,580.5,250.5,0.998
4851,574.5,250.5,0.997
4852,568.5,252.5,0.997
4853,564.5,258.5,0.999
4854,560.5,262.5,0.999
4855,554.5,260.5,0.997
4856,548.5,250.5,0.998
4857,544.5,244.5,0.995
4858,540.5,240.5,0.996
4859,534.5,236.5,0.996
4860,530.5,236.5,0.994
4861,526.5,238.5,0.992
4862,522.5,242.5,0.996
4863,520.5,248.5,0.999
4864,514.5,242.5,0.994
4865,510.5,232.5,0.995
4866,506.5,228.5,0.996
4867,502.5,224.5,0.996
4868,498.5,224.5,0.993
4869,494.5,226.5,0.99
4870,490.5,228.5,0.996
4871,490.5,232.5,0.997
4872,482.5,228.5,0.997
4873,480.5,222.5,0.997
4874,478.5,216.5,0.993
4875,474.5,214.5,0.994
4876,470.5,214.5,0.992
4877,466.5,212.5,0.994
4878,464.5,216.5,0.995
4879,460.5,222.5,0.992
4880,458.5,214.5,0.994
4881,456.5,208.5,0.996
4882,450.5,202.5,0.995
4883,446.5,200.5,0.997
4884,446.5,204.5,0.98
4885,442.5,204.5,0.996
4886,442.5,212.5,0.992
4887,440.5,216.5,0.994
4888,336.5,332.5,0.857
4932,420.5,644.5,0.938
4937,646.5,328.5,0.865
4938,646.5,330.5,0.648
4939,644.5,328.5,0.892
4940,642.5,328.5,0.99
4941,642.5,328.5,0.988
4942,342.5,198.5,0.978
4943,642.5,328.5,0.983
4944,642.5,328.5,0.976
4945,644.5,330.5,0.978
4946,642.5,328.5,0.945
4947,644.5,330.5,0.573
4948,644.5,330.5,0.522
4949,642.5,330.5,0.573
4952,640.5,328.5,0.801
4953,642.5,328.5,0.835
4954,640.5,328.5,0.928
4956,638.5,330.5,0.691
4962,488.5,592.5,0.794
4963,642.5,330.5,0.919
4964,642.5,330.5,0.519
4972,518.5,590.5,0.977
4973,358.5,200.5,0.989
4975,346.5,174.5,0.991
4976,684.5,714.5,0.99
4977,338.5,142.5,0.986
4978,338.5,124.5,0.99
4979,356.5,344.5,0.591
4984,356.5,342.5,0.883
4986,356.5,344.5,0.734
4989,356.5,342.5,0.767
4993,612.5,714.5,0.927
4996,688.5,714.5,0.99
5005,428.5,248.5,0.748
5006,334.5,122.5,0.991
5008,346.5,156.5,0.984
5009,352.5,168.5,0.958
5010,350.5,180.5,0.981
5011,354.5,192.5,0.723
5013,356.5,210.5,0.983
5019,940.5,690.5,0.852
5025,314.5,244.5,0.963
5026,312.5,248.5,0.974
5027,304.5,246.5,0.986
5028,300.5,248.5,0.994
5029,296.5,248.5,0.994
5030,294.5,250.5,0.997
5031,292.5,252.5,0.997
5032,290.5,252.5,0.995
5033,288.5,256.5,0.997
5034,286.5,256.5,0.996
5035,284.5,256.5,0.997
5036,282.5,256.5,0.995
5037,282.5,258.5,0.996
5038,282.5,260.5,0.997
5039,280.5,260.5,0.996
5040,278.5,258.5,0.994
5041,278.5,260.5,0.995
5042,278.5,260.5,0.994
5043,278.5,260.5,0.995
5044,278.5,264.5,0.998
5045,278.5,264.5,0.996
5046,280.5,266.5,0.991
5047,282.5,266.5,0.995
5048,282.5,268.5,0.991
5049,282.5,268.5,0.994
5050,280.5,262.5,0.997
5051,278.5,254.5,0.994
5052,274.5,240.5,0.987
5053,268.5,224.5,0.992
5054,266.5,212.5,0.975
5055,264.5,200.5,0.996
5056,262.5,192.5,0.998
5057,258.5,186.5,0.995
5058,258.5,182.5,0.996
5059,258.5,180.5,0.989
5060,258.5,184.5,0.995
5061,256.5,190.5,0.994
5062,258.5,196.5,0.995
5063,258.5,208.5,0.997
5064,258.5,214.5,0.996
5065,264.5,226.5,0.994
5066,282.5,244.5,0.99
5068,346.5,280.5,0.995
5069,382.5,276.5,0.993
5070,416.5,276.5,0.992
5071,450.5,274.5,0.997
5072,486.5,276.5,0.995
5073,516.5,278.5,0.97
5074,556.5,292.5,0.997
5075,582.5,302.5,0.993
5076,628.5,320.5,0.993
5077,668.5,336.5,0.989
5078,698.5,354.5,0.995
5079,738.5,384.5,0.988
5080,1010.5,372.5,0.983
5081,848.5,378.5,0.996
5082,846.5,378.5,0.994
5083,872.5,380.5,0.985
5084,860.5,360.5,0.995
5085,818.5,342.5,0.996
5086,766.5,320.5,0.997
5087,718.5,306.5,0.989
5088,682.5,296.5,0.996
5089,638.5,292.5,0.995
5090,606.5,288.5,0.995
5091,572.5,288.5,0.997
5092,534.5,288.5,0.995
5093,508.5,292.5,0.991
5094,488.5,296.5,0.993
5095,454.5,286.5,0.998
5096,434.5,270.5,0.997
5097,414.5,254.5,0.996
5098,394.5,244.5,0.994
5099,374.5,236.5,0.989
5100,352.5,228.5,0.991
5101,346.5,226.5,0.949
5102,372.5,222.5,0.988
5103,410.5,226.5,0.997
5104,444.5,228.5,0.998
5105,476.5,230.5,0.993
5106,518.5,240.5,0.995
5107,556.5,248.5,0.995
5108,586.5,256.5,0.971
5109,630.5,272.5,0.999
5110,674.5,292.5,0.997
5111,700.5,300.5,0.997
5112,740.5,326.5,0.981
5113,778.5,352.5,0.995
5114,816.5,344.5,0.996
5115,850.5,340.5,0.997
5116,890.5,338.5,0.997
5117,926.5,338.5,0.994
5118,1008.5,340.5,0.994
5119,974.5,334.5,0.993
5120,930.5,306.5,0.998
5121,892.5,282.5,0.999
5122,856.5,264.5,0.999
5123,818.5,250.5,0.999
5124,786.5,240.5,0.998
5125,758.5,232.5,0.996
5126,730.5,228.5,0.994
5127,696.5,224.5,0.986
5128,674.5,224.5,0.998
5129,644.5,226.5,0.998
5130,626.5,228.5,0.992
5131,602.5,236.5,0.992
5132,584.5,244.5,0.996
5133,566.5,256.5,0.998
5134,550.5,258.5,0.999
5135,532.5,240.5,0.998
5136,322.5,202.5,0.997
5137,338.5,200.5,0.997
5138,494.5,198.5,0.995
5139,484.5,190.5,0.998
5140,472.5,184.5,0.998
5141,460.5,180.5,1.0
5142,454.5,178.5,0.984
5143,476.5,180.5,0.998
5144,498.5,178.5,0.996
5145,530.5,180.5,0.992
5146,560.5,186.5,0.995
5147,586.5,194.5,0.99
5148,614.5,204.5,0.994
5149,640.5,216.5,0.996
5150,672.5,236.5,0.998
5151,698.5,254.5,0.992
5152,724.5,276.5,0.998
5153,746.5,296.5,0.995
5154,770.5,322.5,0.997
5155,808.5,362.5,0.994
5156,836.5,366.5,0.994
5157,866.5,356.5,0.998
5158,896.5,352.5,0.999
5159,918.5,350.5,0.99
5160,914.5,326.5,0.994
5161,868.5,292.5,0.992
5162,826.5,266.5,0.999
5163,784.5,242.5,0.997
5164,748.5,224.5,0.997
5165,714.5,210.5,0.996
5166,682.5,196.5,0.997
5167,648.5,188.5,0.995
5168,630.5,184.5,0.994
5169,606.5,180.5,0.985
5170,580.5,180.5,0.989
5171,558.5,182.5,0.992
5172,540.5,184.5,0.995
5173,524.5,190.5,0.995
5174,506.5,196.5,0.979
5175,492.5,204.5,0.989
5176,480.5,212.5,0.994
5177,466.5,222.5,0.998
5178,452.5,198.5,0.992
5179,442.5,186.5,0.998
5180,434.5,172.5,0.997
5181,420.5,158.5,0.993
5182,412.5,150.5,0.994
5185,444.5,138.5,0.987
5186,476.5,140.5,0.994
5187,504.5,146.5,0.993
5188,534.5,152.5,0.993
5189,564.5,164.5,0.995
5190,600.5,180.5,0.995
5191,634.5,196.5,0.997
5192,672.5,220.5,0.999
5193,700.5,242.5,0.998
5194,734.5,268.5,0.998
5195,756.5,290.5,0.996
5196,796.5,334.5,0.991
5197,830.5,322.5,0.976
5198,868.5,320.5,0.997
5199,894.5,318.5,0.998
5200,930.5,314.5,0.993
5201,968.5,318.5,0.994
5202,1000.5,318.5,0.993
5203,936.5,276.5,0.997
5204,896.5,258.5,0.997
5205,844.5,232.5,0.997
5206,794.5,212.5,0.998
5207,760.5,200.5,0.998
5208,722.5,190.5,0.997
5209,684.5,180.5,0.998
5210,644.5,176.5,0.996
5211,620.5,174.5,0.996
5212,588.5,174.5,0.996
5213,562.5,176.5,0.992
5214,534.5,180.5,0.99
5215,512.5,186.5,0.996
5216,490.5,192.5,0.994
5217,468.5,200.5,0.994
5218,452.5,210.5,0.993
5219,432.5,222.5,0.989
5220,412.5,230.5,0.988
5221,396.5,212.5,0.996
5222,378.5,196.5,0.992
5223,362.5,180.5,0.988
5224,348.5,168.5,0.995
5225,338.5,158.5,0.989
5226,326.5,148.5,0.738
5227,330.5,152.5,0.99
5228,338.5,158.5,0.992
5229,358.5,164.5,0.993
5230,1048.5,488.5,0.919
5231,400.5,184.5,0.997
5232,420.5,198.5,0.998
5233,440.5,212.5,0.993
5234,466.5,234.5,0.997
5235,490.5,256.5,0.997
5236,510.5,278.5,0.99
5240,634.5,268.5,0.862
5241,502.5,314.5,0.592
5242,490.5,312.5,0.829
5243,476.5,306.5,0.907
5244,466.5,306.5,0.996
5245,456.5,308.5,0.996
5246,446.5,310.5,0.998
5247,436.5,318.5,0.996
5248,426.5,324.5,0.994
5249,412.5,312.5,0.985
5250,402.5,306.5,0.997
5251,392.5,302.5,0.998
5252,382.5,298.5,0.999
5253,372.5,300.5,0.999
5254,362.5,304.5,0.999
5255,354.5,308.5,0.998
5256,346.5,312.5,0.999
5257,338.5,306.5,0.996
5258,328.5,298.5,0.996
5259,318.5,294.5,0.997
5260,306.5,294.5,0.998
5261,298.5,294.5,0.996
5263,282.5,308.5,0.992
5264,276.5,314.5,0.996
5265,270.5,324.5,0.993
5266,264.5,336.5,0.996
5267,260.5,352.5,0.997
5268,256.5,368.5,0.993
5269,252.5,384.5,0.995
5270,250.5,400.5,0.996
5271,248.5,422.5,0.995
5272,246.5,444.5,0.994
5273,238.5,442.5,0.996
5274,230.5,430.5,0.997
5275,220.5,420.5,0.995
5276,212.5,412.5,0.997
5277,204.5,406.5,0.994
5278,196.5,402.5,0.994
5279,190.5,402.5,0.993
5280,182.5,402.5,0.993
5281,176.5,406.5,0.995
5282,170.5,410.5,0.996
5283,166.5,416.5,0.996
5284,164.5,424.5,0.997
5285,160.5,434.5,0.994
5286,154.5,436.5,0.997
5287,146.5,430.5,0.997
5288,140.5,424.5,0.997
5289,134.5,420.5,0.994
5290,126.5,420.5,0.994
5291,122.5,420.5,0.994
5292,118.5,422.5,0.992
5293,114.5,428.5,0.992
5294,110.5,432.5,0.995
5295,104.5,428.5,0.995
5296,98.5,424.5,0.992
5297,94.5,424.5,0.908
5298,90.5,424.5,0.967
5299,86.5,430.5,0.929
5301,90.5,368.5,0.773
5312,130.5,310.5,0.571
5314,186.5,202.5,0.985
5317,114.5,332.5,0.946
5319,108.5,342.5,0.99
5341,324.5,250.5,0.538
5343,486.5,592.5,0.942
5358,694.5,570.5,0.981
5364,84.5,392.5,0.838
5365,86.5,384.5,0.722
5371,180.5,262.5,0.631
5372,186.5,254.5,0.989
5377,702.5,620.5,0.93
5386,250.5,226.5,0.704
5388,258.5,220.5,0.988
5389,254.5,216.5,0.993
5410,374.5,256.5,0.67
5421,316.5,326.5,0.937
5428,322.5,246.5,0.548
5429,316.5,250.5,0.993
5430,310.5,250.5,0.995
5431,306.5,252.5,0.989
5432,300.5,254.5,0.996
5433,296.5,256.5,0.996
5434,292.5,256.5,0.997
5435,288.5,258.5,0.997
5436,286.5,258.5,0.996
5437,284.5,260.5,0.996
5438,280.5,262.5,0.994
5439,280.5,262.5,0.991
5440,278.5,262.5,0.994
5441,278.5,264.5,0.994
5442,276.5,266.5,0.989
5443,276.5,264.5,0.992
5444,276.5,266.5,0.993
5445,276.5,266.5,0.993
5446,278.5,268.5,0.991
5447,278.5,268.5,0.992
5448,280.5,268.5,0.988
5449,278.5,270.5,0.992
5450,278.5,268.5,0.996
5451,274.5,256.5,0.996
5452,268.5,242.5,0.998
5453,266.5,228.5,0.997
5454,262.5,210.5,0.971
5455,256.5,200.5,0.995
5456,252.5,192.5,0.994
5457,250.5,182.5,0.999
5458,248.5,178.5,0.998
5459,246.5,174.5,0.993
5460,244.5,176.5,0.998
5461,242.5,178.5,0.999
5462,242.5,184.5,0.998
5463,242.5,188.5,0.997
5464,242.5,196.5,0.991
5465,246.5,210.5,0.993
5466,250.5,226.5,0.988
5467,266.5,240.5,0.993
5470,356.5,280.5,0.971
5471,384.5,278.5,0.995
5472,410.5,276.5,0.993
5473,436.5,276.5,0.995
5474,468.5,278.5,0.993
5475,498.5,284.5,0.996
5476,526.5,292.5,0.99
5477,562.5,306.5,0.997
5478,596.5,320.5,0.989
5479,618.5,336.5,0.993
5480,654.5,360.5,0.98
5481,692.5,388.5,0.992
5482,722.5,404.5,0.997
5483,752.5,398.5,0.995
5484,784.5,392.5,0.996
5485,816.5,392.5,0.995
5487,796.5,354.5,0.99
5488,762.5,328.5,0.992
5489,730.5,306.5,0.993
5490,680.5,282.5,0.994
5491,640.5,270.5,0.998
5492,610.5,258.5,0.998
5493,582.5,250.5,0.995
5494,556.5,244.5,0.996
5495,532.5,242.5,0.997
5496,508.5,242.5,0.996
5497,488.5,242.5,0.996
5498,470.5,244.5,0.997
5499,454.5,250.5,0.995
5500,442.5,256.5,0.997
5501,426.5,246.5,0.998
5502,412.5,230.5,0.997
5503,398.5,212.5,0.992
5504,392.5,202.5,0.995
5505,380.5,190.5,0.979
5506,406.5,192.5,0.993
5507,450.5,204.5,0.996
5508,492.5,214.5,0.997
5509,526.5,228.5,0.997
5510,560.5,240.5,0.999
5511,592.5,254.5,0.997
5512,626.5,274.5,0.99
5513,622.5,276.5,0.991
5514,614.5,282.5,0.988
5517,596.5,264.5,0.998
5518,588.5,258.5,0.996
5519,582.5,256.5,0.999
5520,578.5,254.5,0.992
5521,572.5,256.5,0.994
5522,564.5,258.5,0.998
5523,562.5,266.5,0.999
5524,556.5,260.5,0.999
5525,550.5,252.5,0.998
5526,546.5,248.5,0.998
5527,540.5,244.5,0.998
5528,534.5,244.5,0.998
5529,528.5,244.5,0.997
5530,522.5,246.5,0.999
5531,520.5,250.5,0.999
5532,514.5,246.5,0.997
5533,510.5,240.5,0.993
5534,506.5,236.5,0.992
5535,500.5,232.5,0.997
5536,496.5,232.5,0.988
5537,492.5,234.5,0.993
5538,490.5,238.5,0.994
5539,482.5,236.5,0.992
5540,478.5,230.5,0.998
5541,474.5,228.5,0.999
5542,470.5,226.5,0.997
5543,466.5,226.5,0.996
5544,462.5,228.5,0.998
5545,458.5,232.5,0.997
5546,454.5,228.5,0.996
5547,452.5,222.5,0.994
5548,446.5,216.5,0.996
5549,442.5,216.5,0.992
5550,436.5,216.5,0.991
5551,434.5,220.5,0.96
5552,436.5,222.5,0.99
5553,436.5,220.5,0.952
5556,420.5,216.5,0.727
5558,400.5,214.5,0.763
5561,368.5,222.5,0.609
5567,344.5,224.5,0.815
5571,354.5,214.5,0.989
5572,358.5,208.5,0.994
5573,360.5,200.5,0.995
5574,362.5,190.5,0.994
5575,362.5,178.5,0.991
5576,366.5,168.5,0.994
5577,364.5,154.5,0.995
5578,360.5,140.5,0.998
5579,360.5,128.5,0.996
5580,360.5,116.5,0.654
5582,350.5,98.5,0.886
5583,310.5,216.5,0.979
5584,312.5,204.5,0.992
5588,688.5,714.5,0.586
5589,686.5,714.5,0.691
5590,304.5,194.5,0.899
5595,684.5,714.5,0.759
5596,684.5,714.5,0.919
5598,684.5,714.5,0.959
5599,304.5,88.5,0.969
5600,684.5,714.5,0.825
5601,682.5,714.5,0.943
5602,308.5,124.5,0.99
5603,310.5,138.5,0.99
5604,488.5,592.5,0.991
5605,314.5,162.5,0.768
5606,690.5,712.5,0.878
5607,692.5,712.5,0.701
5608,694.5,714.5,0.757
5609,700.5,714.5,0.987
5610,506.5,606.5,0.988
5616,260.5,192.5,0.83
5622,314.5,178.5,0.987
5623,314.5,176.5,0.994
5624,316.5,168.5,0.994
5625,314.5,162.5,0.995
5626,316.5,154.5,0.993
5627,314.5,144.5,0.991
5628,316.5,136.5,0.996
5633,738.5,714.5,0.616
5636,348.5,124.5,0.985
5637,366.5,136.5,0.986
5638,380.5,150.5,0.993
5639,396.5,170.5,0.985
5640,406.5,188.5,0.995
5641,426.5,210.5,0.993
5642,450.5,242.5,0.997
5643,466.5,264.5,0.996
5644,484.5,272.5,0.996
5645,492.5,256.5,0.997
5646,506.5,240.5,0.998
5647,518.5,226.5,0.997
5648,530.5,216.5,0.996
5649,542.5,210.5,0.997
5650,554.5,206.5,0.995
5651,568.5,204.5,0.997
5652,582.5,202.5,0.998
5653,596.5,208.5,0.996
5654,610.5,212.5,0.995
5655,624.5,222.5,0.996
5656,638.5,232.5,0.997
5657,650.5,244.5,0.994
5658,674.5,272.5,0.986
5659,680.5,286.5,0.995
5660,690.5,306.5,0.997
5661,706.5,332.5,0.997
5662,714.5,354.5,0.996
5663,728.5,368.5,0.997
5664,740.5,348.5,0.997
5665,754.5,334.5,0.996
5666,764.5,322.5,0.998
5667,776.5,312.5,0.997
5668,790.5,308.5,0.997
5669,802.5,304.5,0.998
5670,814.5,306.5,0.996
5671,826.5,306.5,0.983
5675,890.5,280.5,0.931
5676,848.5,450.5,0.83
5677,856.5,430.5,0.963
5678,876.5,416.5,0.943
5681,352.5,362.5,0.649
5685,346.5,328.5,0.847
5696,322.5,228.5,0.676
5701,344.5,204.5,0.993
5718,1058.5,276.5,0.732
5723,866.5,306.5,0.999
5724,834.5,310.5,0.991
5725,760.5,292.5,0.996
5726,736.5,280.5,0.999
5727,698.5,260.5,0.998
5728,652.5,242.5,0.994
5729,626.5,232.5,0.996
5730,592.5,226.5,0.998
5731,562.5,220.5,0.991
5732,530.5,216.5,0.992
5733,500.5,218.5,0.992
5734,476.5,220.5,0.99
5735,450.5,226.5,0.996
5736,426.5,232.5,0.993
5737,402.5,242.5,0.995
5738,380.5,256.5,0.991
5739,354.5,250.5,0.989
5740,322.5,244.5,0.99
5741,304.5,244.5,0.995
5744,226.5,252.5,0.99
5746,182.5,276.5,0.962
5747,168.5,282.5,0.958
5748,148.5,296.5,0.919
5749,132.5,314.5,0.567
5750,118.5,330.5,0.993
5751,106.5,348.5,0.993
5752,94.5,366.5,0.996
5753,80.5,384.5,0.861
5754,66.5,378.5,0.988
5768,232.5,230.5,0.791
5779,908.5,430.5,0.915
5795,236.5,300.5,0.977
5796,266.5,364.5,0.985
5802,130.5,426.5,0.679
5803,112.5,434.5,0.987
5827,1102.5,488.5,0.643
5860,874.5,334.5,0.904
5861,872.5,332.5,0.732
5863,918.5,684.5,0.972
5868,208.5,30.5,0.985
5869,236.5,66.5,0.932
5870,260.5,94.5,0.996
5871,290.5,130.5,0.998
5872,316.5,168.5,0.994
5873,344.5,210.5,0.997
5874,368.5,248.5,0.997
5875,396.5,290.5,0.991
5876,108.5,428.5,0.99
5877,450.5,384.5,0.986
5878,148.5,412.5,0.99
5879,482.5,454.5,0.984
5880,502.5,498.5,0.995
5881,518.5,532.5,0.78
5882,540.5,574.5,0.992
5883,546.5,556.5,0.996
5884,550.5,536.5,0.995
5885,554.5,518.5,0.989
5886,560.5,500.5,0.994
5887,566.5,486.5,0.995
5888,570.5,476.5,0.995
5889,576.5,466.5,0.99
5890,580.5,462.5,0.993
5891,586.5,458.5,0.992
5892,592.5,458.5,0.993
5893,598.5,460.5,0.994
5894,604.5,466.5,0.995
5895,610.5,472.5,0.997
5896,614.5,482.5,0.997
5897,620.5,496.5,0.997
5898,624.5,508.5,0.996
5899,628.5,526.5,0.997
5900,632.5,540.5,0.998
5901,636.5,562.5,0.995
5902,642.5,576.5,0.997
5903,650.5,564.5,0.996
5904,658.5,554.5,0.998
5905,666.5,544.5,0.996
5906,674.5,538.5,0.996
5907,684.5,536.5,0.995
5908,692.5,534.5,0.994
5909,700.5,536.5,0.996
5910,708.5,540.5,0.995
5911,714.5,546.5,0.996
5912,720.5,552.5,0.997
5913,728.5,564.5,0.996
5914,734.5,576.5,0.997
5915,740.5,574.5,0.993
5916,744.5,566.5,0.993
5917,748.5,564.5,0.993
5918,754.5,564.5,0.991
5919,758.5,566.5,0.992
5920,762.5,568.5,0.996
5921,764.5,576.5,0.988
5922,770.5,574.5,0.954
5923,774.5,570.5,0.994
5924,780.5,572.5,0.995
5925,784.5,576.5,0.991
5926,788.5,576.5,0.991
5930,812.5,586.5,0.991
5931,820.5,594.5,0.995
5932,834.5,602.5,0.995
5933,846.5,612.5,0.842
5934,858.5,616.5,0.99
5935,864.5,622.5,0.99
5936,876.5,628.5,0.992
5937,884.5,632.5,0.997
5938,894.5,640.5,0.994
5939,902.5,644.5,0.994
5940,912.5,652.5,0.993
5945,950.5,626.5,0.971
5949,332.5,168.5,0.786
5950,332.5,154.5,0.99
5951,326.5,144.5,0.997
5952,320.5,134.5,0.993
5953,316.5,124.5,0.976
5954,312.5,114.5,0.811
5955,312.5,104.5,0.631
5956,306.5,98.5,0.582
5957,306.5,88.5,0.961
5959,294.5,80.5,0.986
5972,296.5,92.5,0.995
5973,300.5,102.5,0.933
5974,302.5,114.5,0.984
5975,308.5,132.5,0.992
5976,312.5,148.5,0.509
5978,328.5,198.5,0.642
5979,336.5,216.5,0.573
5980,346.5,224.5,0.987
6005,946.5,276.5,0.994
6006,874.5,286.5,0.999
6007,818.5,298.5,0.992
6008,768.5,316.5,0.946
6009,848.5,360.5,0.943
6010,678.5,274.5,0.992
6011,648.5,260.5,0.994
6012,618.5,246.5,0.995
6013,584.5,236.5,0.994
6014,558.5,228.5,0.995
6015,526.5,224.5,0.993
6016,492.5,222.5,0.998
6017,468.5,222.5,0.997
6018,440.5,226.5,0.996
6019,412.5,230.5,0.993
6020,388.5,242.5,0.991
6021,368.5,250.5,0.995
6022,348.5,248.5,0.993
6023,330.5,232.5,0.991
6024,310.5,222.5,0.984
6025,296.5,212.5,0.994
6026,276.5,204.5,0.987
6029,290.5,180.5,0.967
6030,320.5,172.5,0.997
6031,350.5,164.5,0.997
6032,386.5,162.5,0.995
6033,418.5,158.5,0.997
6034,456.5,162.5,0.998
6035,490.5,166.5,0.996
6036,526.5,174.5,0.998
6037,556.5,184.5,0.997
6038,592.5,196.5,0.997
6039,626.5,212.5,0.998
6040,670.5,234.5,0.997
6041,698.5,254.5,0.997
6042,730.5,276.5,0.998
6043,754.5,296.5,0.997
6044,794.5,336.5,0.985
6045,818.5,330.5,0.989
6046,854.5,316.5,0.994
6047,878.5,308.5,0.999
6048,912.5,292.5,0.991
6049,938.5,286.5,0.989
6051,996.5,284.5,0.988
6052,1006.5,276.5,0.664
6053,914.5,262.5,0.996
6054,850.5,254.5,0.998
6055,796.5,246.5,0.995
6056,750.5,244.5,0.999
6057,700.5,244.5,0.998
6058,654.5,244.5,0.995
6059,616.5,248.5,0.99
6060,580.5,256.5,0.992
6061,546.5,258.5,0.998
6062,506.5,272.5,0.995
6063,478.5,264.5,0.997
6064,454.5,246.5,0.997
6065,430.5,230.5,0.997
6066,406.5,216.5,0.994
6067,380.5,204.5,0.995
6068,360.5,196.5,0.982
6069,346.5,194.5,0.994
6070,326.5,188.5,0.99
6072,384.5,180.5,0.992
6073,414.5,180.5,0.998
6074,458.5,180.5,0.994
6075,492.5,180.5,0.998
6076,530.5,190.5,0.997
6077,562.5,194.5,0.996
6078,604.5,206.5,0.996
6079,638.5,218.5,0.997
6080,680.5,236.5,0.997
6081,716.5,252.5,0.998
6082,754.5,274.5,0.999
6083,790.5,296.5,0.997
6084,824.5,318.5,0.987
6085,856.5,348.5,0.982
6086,896.5,354.5,0.996
6087,950.5,340.5,0.903
6088,978.5,336.5,0.995
6089,998.5,332.5,0.991
6091,1002.5,314.5,0.808
6092,928.5,290.5,0.903
6093,866.5,282.5,0.998
6094,816.5,276.5,0.999
6095,764.5,272.5,0.999
6096,718.5,270.5,0.998
6097,680.5,270.5,0.993
6098,634.5,274.5,0.998
6099,606.5,278.5,0.999
6100,604.5,288.5,0.998
6101,610.5,300.5,0.995
6102,616.5,296.5,0.998
6103,622.5,292.5,0.997
6104,628.5,290.5,0.998
6105,634.5,290.5,0.998
6106,642.5,292.5,0.998
6107,648.5,294.5,0.997
6108,656.5,304.5,0.995
6109,658.5,310.5,0.997
6110,666.5,322.5,0.996
6111,674.5,314.5,0.998
6112,682.5,312.5,0.997
6113,690.5,312.5,0.998
6114,696.5,312.5,0.997
6115,704.5,316.5,0.994
6116,710.5,324.5,0.997
6117,716.5,330.5,0.997
6118,722.5,340.5,0.994
6119,730.5,330.5,0.995
6120,740.5,328.5,0.998
6121,746.5,328.5,0.998
6122,754.5,332.5,0.996
6123,762.5,338.5,0.998
6124,768.5,344.5,0.998
6125,776.5,352.5,0.998
6126,782.5,346.5,0.997
6127,790.5,346.5,0.998
6128,800.5,344.5,0.998
6129,806.5,350.5,0.999
6130,814.5,356.5,0.998
6131,820.5,366.5,0.998
6132,828.5,362.5,0.999
6133,834.5,360.5,0.999
6134,842.5,360.5,0.999
6135,850.5,362.5,0.998
6136,858.5,368.5,0.999
6137,866.5,376.5,0.996
6139,870.5,366.5,0.703
6169,916.5,398.5,0.591
6171,920.5,390.5,0.865
6174,390.5,228.5,0.986
6175,390.5,232.5,0.513
6176,380.5,230.5,0.876
6177,376.5,230.5,0.866
6195,342.5,218.5,0.575
6218,1044.5,300.5,0.991
6221,1048.5,280.5,0.968
6225,874.5,312.5,0.996
6226,830.5,322.5,0.985
6227,772.5,292.5,0.998
6228,748.5,280.5,0.999
6229,708.5,260.5,0.999
6230,674.5,246.5,0.996
6231,640.5,236.5,0.997
6232,606.5,228.5,0.997
6233,576.5,222.5,0.997
6234,544.5,220.5,0.995
6235,516.5,222.5,0.993
6236,486.5,226.5,0.995
6237,464.5,230.5,0.995
6238,438.5,238.5,0.99
6239,420.5,244.5,0.997
6240,396.5,246.5,0.994
6241,380.5,228.5,0.985
6242,364.5,216.5,0.993
6243,344.5,204.5,0.993
6247,386.5,174.5,0.995
6248,412.5,172.5,0.991
6249,434.5,170.5,0.996
6250,464.5,172.5,0.998
6251,492.5,176.5,0.998
6252,526.5,184.5,0.997
6253,550.5,194.5,0.993
6254,582.5,208.5,0.994
6255,612.5,224.5,0.998
6256,640.5,242.5,0.997
6257,674.5,268.5,0.997
6258,694.5,284.5,0.994
6259,730.5,322.5,0.979
6260,752.5,348.5,0.993
6261,786.5,392.5,0.98
6262,814.5,386.5,0.992
6263,834.5,372.5,0.998
6264,864.5,364.5,0.997
6265,882.5,358.5,0.998
6267,848.5,310.5,0.998
6268,812.5,280.5,0.998
6269,778.5,260.5,0.997
6270,748.5,242.5,0.995
6271,718.5,228.5,0.998
6272,692.5,220.5,0.993
6273,672.5,212.5,0.997
6274,644.5,208.5,0.996
6275,626.5,206.5,0.993
6276,608.5,210.5,0.993
6277,588.5,212.5,0.989
6278,892.5,332.5,0.992
6279,574.5,216.5,0.996
6280,560.5,224.5,0.996
6281,548.5,230.5,0.996
6282,536.5,240.5,0.996
6283,524.5,250.5,0.999
6284,514.5,242.5,0.99
6285,504.5,222.5,0.997
6286,496.5,206.5,0.997
6287,486.5,190.5,0.998
6288,478.5,178.5,0.996
6289,470.5,170.5,0.997
6290,466.5,164.5,0.995
6291,458.5,156.5,0.995
6292,468.5,164.5,0.993
6293,482.5,170.5,0.992
6294,506.5,182.5,0.995
6295,536.5,200.5,0.994
6296,558.5,216.5,0.997
6297,584.5,238.5,0.995
6298,602.5,256.5,0.996
6299,622.5,266.5,0.972
6300,630.5,274.5,0.998
6301,634.5,278.5,0.999
6302,642.5,288.5,0.996
6303,648.5,300.5,0.996
6304,654.5,310.5,0.998
6305,660.5,328.5,0.996
6306,666.5,322.5,0.997
6307,676.5,320.5,0.999
6308,682.5,316.5,0.997
6309,690.5,320.5,0.998
6310,698.5,324.5,0.998
6311,702.5,328.5,0.998
6312,708.5,340.5,0.998
6313,714.5,352.5,0.999
6314,722.5,368.5,0.994
6316,738.5,358.5,0.991
6317,748.5,364.5,0.996
6318,760.5,366.5,0.993
6321,770.5,406.5,0.994
6322,782.5,404.5,0.995
6323,790.5,400.5,0.997
6324,800.5,402.5,0.995
6325,806.5,404.5,0.997
6326,814.5,408.5,0.996
6327,822.5,420.5,0.994
6328,830.5,432.5,0.996
6329,840.5,446.5,0.997
6334,872.5,438.5,0.985
6336,884.5,432.5,0.99
6337,310.5,194.5,0.973
6343,856.5,458.5,0.97
6344,850.5,466.5,0.944
6345,838.5,476.5,0.818
6346,834.5,488.5,0.823
6349,292.5,212.5,0.9
6352,1022.5,686.5,0.981
6353,284.5,216.5,0.989
6391,914.5,396.5,0.924
6393,914.5,398.5,0.981
6409,760.5,306.5,0.998
6410,746.5,316.5,0.997
6411,722.5,330.5,0.996
6412,706.5,350.5,0.999
6413,688.5,370.5,0.997
6414,674.5,384.5,0.998
6415,664.5,358.5,0.995
6416,652.5,326.5,0.994
6417,644.5,302.5,0.991
6418,634.5,282.5,0.998
6419,628.5,268.5,0.999
6420,620.5,256.5,0.997
6421,612.5,244.5,0.998
6422,604.5,238.5,0.994
6423,596.5,232.5,0.997
6424,588.5,232.5,0.994
6425,582.5,234.5,0.998
6426,574.5,240.5,0.997
6427,568.5,244.5,0.996
6428,562.5,254.5,0.998
6429,556.5,264.5,0.999
6430,550.5,280.5,0.998
6431,546.5,292.5,0.997
6432,542.5,314.5,0.992
6434,530.5,296.5,0.998
6435,522.5,276.5,0.994
6436,518.5,258.5,0.998
6437,510.5,246.5,0.997
6438,504.5,238.5,0.997
6439,498.5,228.5,0.997
6440,494.5,226.5,0.997
6441,490.5,224.5,0.996
6442,484.5,226.5,0.996
6443,480.5,228.5,0.997
6444,476.5,232.5,0.998
6445,472.5,244.5,0.998
6446,468.5,254.5,0.998
6447,466.5,264.5,0.999
6448,464.5,278.5,0.997
6449,458.5,288.5,0.995
6450,454.5,270.5,0.998
6451,450.5,256.5,0.998
6452,444.5,242.5,0.998
6453,442.5,232.5,0.998
6454,436.5,228.5,0.993
6455,434.5,224.5,0.993
6456,428.5,218.5,0.994
6457,424.5,218.5,0.997
6458,422.5,224.5,0.997
6459,418.5,228.5,0.998
6460,416.5,232.5,0.998
6461,414.5,242.5,0.998
6462,410.5,256.5,0.996
6463,410.5,264.5,0.997
6464,406.5,256.5,0.997
6465,402.5,242.5,0.996
6466,396.5,230.5,0.998
6467,392.5,224.5,0.997
6468,388.5,218.5,0.994
6471,376.5,214.5,0.69
6473,376.5,218.5,0.775
6474,376.5,214.5,0.935
6481,344.5,232.5,0.992
6484,326.5,244.5,0.991
6485,318.5,244.5,0.991
6486,314.5,246.5,0.989
6487,310.5,248.5,0.995
6488,304.5,252.5,0.988
6489,298.5,252.5,0.997
6490,294.5,254.5,0.995
6491,290.5,254.5,0.994
6492,286.5,256.5,0.996
6493,284.5,258.5,0.996
6494,282.5,258.5,0.995
6495,282.5,260.5,0.994
6496,280.5,260.5,0.99
6497,278.5,260.5,0.993
6498,278.5,260.5,0.991
6499,278.5,260.5,0.99
6500,278.5,260.5,0.994
6501,278.5,260.5,0.993
6502,278.5,260.5,0.993
6503,278.5,260.5,0.991
6504,278.5,260.5,0.992
6505,278.5,260.5,0.994
6506,278.5,260.5,0.992
6507,278.5,260.5,0.992
6508,278.5,260.5,0.991
6509,278.5,262.5,0.994
6510,280.5,262.5,0.993
6511,280.5,262.5,0.993
6512,280.5,262.5,0.994
6513,282.5,262.5,0.994
6514,282.5,264.5,0.993
6515,282.5,264.5,0.993
6516,282.5,264.5,0.996
6517,278.5,258.5,0.996
6518,272.5,246.5,0.998
6519,270.5,234.5,0.996
6520,266.5,222.5,0.997
6521,258.5,226.5,0.993
6522,258.5,198.5,0.997
6523,254.5,194.5,0.998
6524,254.5,188.5,0.994
6525,252.5,184.5,0.995
6526,250.5,184.5,0.998
6527,246.5,190.5,0.993
6528,248.5,194.5,0.995
6529,246.5,204.5,0.993
6530,248.5,212.5,0.996
6531,252.5,224.5,0.994
6532,270.5,242.5,0.557
6534,330.5,280.5,0.714
6535,368.5,282.5,0.772
6536,402.5,280.5,0.947
6537,432.5,276.5,0.994
6538,464.5,276.5,0.993
6539,502.5,280.5,0.993
6540,544.5,290.5,0.994
6541,576.5,300.5,0.998
6542,610.5,310.5,0.991
6543,652.5,328.5,0.996
6544,686.5,348.5,0.993
6545,720.5,368.5,0.994
6546,764.5,400.5,0.988
6547,800.5,406.5,0.993
6548,844.5,402.5,0.986
6549,882.5,400.5,0.986
6550,830.5,374.5,0.995
6551,780.5,356.5,0.991
6552,730.5,342.5,0.992
6553,686.5,334.5,0.988
6554,642.5,324.5,0.997
6555,602.5,318.5,0.991
6556,558.5,316.5,0.997
6557,530.5,318.5,0.994
6558,522.5,326.5,0.997
6559,528.5,344.5,0.991
6560,538.5,344.5,0.996
6561,544.5,336.5,0.992
6562,552.5,328.5,0.998
6563,558.5,324.5,0.997
6564,566.5,324.5,0.995
6565,576.5,326.5,0.996
6566,586.5,332.5,0.995
6567,590.5,338.5,0.995
6568,600.5,350.5,0.995
6569,608.5,362.5,0.998
6570,614.5,378.5,0.998
6571,624.5,376.5,0.997
6572,630.5,370.5,0.996
6573,640.5,364.5,0.998
6574,650.5,362.5,0.998
6575,658.5,362.5,0.996
6576,666.5,368.5,0.998
6577,674.5,374.5,0.996
6578,682.5,384.5,0.997
6579,688.5,392.5,0.998
6580,696.5,410.5,0.998
6581,706.5,408.5,0.998
6582,714.5,402.5,0.998
6583,722.5,398.5,0.999
6584,734.5,396.5,0.998
6585,742.5,398.5,0.998
6586,750.5,404.5,0.996
6587,758.5,410.5,0.996
6588,766.5,420.5,0.995
6589,774.5,436.5,0.992
6590,784.5,438.5,0.992
6591,792.5,434.5,0.996
6592,804.5,428.5,0.998
6593,814.5,426.5,0.995
6594,824.5,432.5,0.997
6600,404.5,226.5,0.736
6616,314.5,234.5,0.581
6644,440.5,240.5,0.669
6660,422.5,208.5,0.969
6674,552.5,714.5,0.984
6675,544.5,714.5,0.946
